url,Electrolytes.Salts.Name,Electrolytes.Solvents.Name,Electrolytes.Additives.Name,Anode.Name,Cathode.Name,System of electrolyte.Type,Properties of electrolyte.LUMO energy level.Value,Properties of electrolyte.LUMO energy level.Unit,Properties of electrolyte.HOMO energy level.Value,Properties of electrolyte.HOMO energy level.Unit,Properties of electrolyte.Viscosity (η).Value,Properties of electrolyte.Viscosity (η).Unit,Properties of electrolyte.Viscosity (η).Temperature.Value,Properties of electrolyte.Viscosity (η).Temperature.Unit,Properties of electrolyte.Dielectric constant (ε).Value,Properties of electrolyte.Melting point.Value,Properties of electrolyte.Melting point.Unit,Properties of electrolyte.Boiling point.Value,Properties of electrolyte.Boiling point.Unit,Properties of electrolyte.Flash Point.Value,Properties of electrolyte.Flash Point.Unit,Performance.Energy density.Value,Performance.Energy density.Unit,Performance.Coulombic efficiency.Value,Performance.Coulombic efficiency.Unit,Performance.Cycle lifespan.Value,Performance.Cycle lifespan.Unit,Performance.Rate performance.Value,Performance.Rate performance.Unit,Electrolytes.Solvents.Name1,Electrolytes.Solvents.Name2,Electrolytes.Solvents.Name3,Electrolytes.Solvents.Name4,Electrolytes.Solvents.Name5,Electrolytes.Solvents.Name6,Electrolytes.Additives.Name1,Electrolytes.Additives.Name2,Electrolytes.Salts1.Name,Electrolytes.Salts2.Name,Electrolytes.Salts3.Name,Electrolytes.Salts4.Name,Electrolytes.Salts5.Name,Electrolytes.Salts6.Name,Electrolytes.Solvents1.Name,Electrolytes.Solvents2.Name,Electrolytes.Solvents3.Name,Electrolytes.Additives,Electrolytes.Additives.Name3,Electrolytes.Additives.Name4,Electrolytes.Additives.Name5,Electrolytes.Additives.Name6,Electrolytes.Additives.Name7,Electrolytes.Additives.Name8,Performance.Coulombic efficiency.Value1,Performance.Coulombic efficiency.Value2,Performance.Coulombic efficiency.Value3,Performance.Coulombic efficiency.Value4,Performance.Coulombic efficiency.Value5,Performance.Coulombic efficiency.Value6,Performance.Coulombic efficiency.Value7,Properties of electrolyte.Melting point1.Value,Properties of electrolyte.Melting point1.Unit,Properties of electrolyte.Melting point1.Substance,Properties of electrolyte.Melting point2.Value,Properties of electrolyte.Melting point2.Unit,Properties of electrolyte.Melting point2.Substance,Electrolytes.Solvents4.Name,Electrolytes.Solvents5.Name,Anode,Cathode,Properties of electrolyte.LUMO energy level,Properties of electrolyte.HOMO energy level,Properties of electrolyte.Dielectric constant (ε),Performance.Energy density,Performance.Coulombic efficiency,Performance.Cycle lifespan,Performance.Rate performance,Properties of electrolyte.Melting point,Properties of electrolyte.Flash Point,Properties of electrolyte.Boiling point,Electrolytes.Additives.Details1,Electrolytes.Additives.Details2,Electrolytes.Additives.Details3,Electrolytes.Additives.Details4,Properties of electrolyte.Viscosity (η)1.Value,Properties of electrolyte.Viscosity (η)1.Unit,Properties of electrolyte.Viscosity (η)1.Temperature.Value,Properties of electrolyte.Viscosity (η)1.Temperature.Unit,Properties of electrolyte.Viscosity (η)2.Value,Properties of electrolyte.Viscosity (η)2.Unit,Properties of electrolyte.Viscosity (η)2.Temperature.Value,Properties of electrolyte.Viscosity (η)2.Temperature.Unit,Properties of electrolyte.Viscosity (η)3.Value,Properties of electrolyte.Viscosity (η)3.Unit,Properties of electrolyte.Viscosity (η)3.Temperature.Value,Properties of electrolyte.Viscosity (η)3.Temperature.Unit,Properties of electrolyte.Viscosity (η)4.Value,Properties of electrolyte.Viscosity (η)4.Unit,Properties of electrolyte.Viscosity (η)4.Temperature.Value,Properties of electrolyte.Viscosity (η)4.Temperature.Unit,Electrolytes.Solvents6.Name,Electrolytes.Additives1.Name,Electrolytes.Additives2.Name,Properties of electrolyte.Viscosity (η)5.Value,Properties of electrolyte.Viscosity (η)5.Unit,Properties of electrolyte.Viscosity (η)5.Temperature.Value,Properties of electrolyte.Viscosity (η)5.Temperature.Unit,Properties of electrolyte.Viscosity (η)6.Value,Properties of electrolyte.Viscosity (η)6.Unit,Properties of electrolyte.Viscosity (η)6.Temperature.Value,Properties of electrolyte.Viscosity (η)6.Temperature.Unit,Properties of electrolyte.Dielectric constant (ε)1.Value,Properties of electrolyte.Dielectric constant (ε)2.Value,Properties of electrolyte.Dielectric constant (ε)3.Value,Properties of electrolyte.Dielectric constant (ε)4.Value,Properties of electrolyte.Dielectric constant (ε)5.Value,Properties of electrolyte.Dielectric constant (ε)6.Value,Properties of electrolyte.Melting point3.Value,Properties of electrolyte.Melting point3.Unit,Properties of electrolyte.Melting point4.Value,Properties of electrolyte.Melting point4.Unit,Properties of electrolyte.Melting point5.Value,Properties of electrolyte.Melting point5.Unit,Properties of electrolyte.Melting point6.Value,Properties of electrolyte.Melting point6.Unit,Properties of electrolyte.Boiling point1.Value,Properties of electrolyte.Boiling point1.Unit,Properties of electrolyte.Boiling point2.Value,Properties of electrolyte.Boiling point2.Unit,Properties of electrolyte.Boiling point3.Value,Properties of electrolyte.Boiling point3.Unit,Properties of electrolyte.Boiling point4.Value,Properties of electrolyte.Boiling point4.Unit,Properties of electrolyte.Boiling point5.Value,Properties of electrolyte.Boiling point5.Unit,Properties of electrolyte.Boiling point6.Value,Properties of electrolyte.Boiling point6.Unit,Properties of electrolyte.Flash Point1.Value,Properties of electrolyte.Flash Point1.Unit,Properties of electrolyte.Flash Point2.Value,Properties of electrolyte.Flash Point2.Unit,Properties of electrolyte.Flash Point3.Value,Properties of electrolyte.Flash Point3.Unit,Properties of electrolyte.Flash Point4.Value,Properties of electrolyte.Flash Point4.Unit,Properties of electrolyte.Flash Point5.Value,Properties of electrolyte.Flash Point5.Unit,Properties of electrolyte.Flash Point6.Value,Properties of electrolyte.Flash Point6.Unit,Performance.Coulombic efficiency1.Value,Performance.Coulombic efficiency1.Unit,Performance.Coulombic efficiency2.Value,Performance.Coulombic efficiency2.Unit,Performance.Coulombic efficiency3.Value,Performance.Coulombic efficiency3.Unit,Performance.Coulombic efficiency4.Value,Performance.Coulombic efficiency4.Unit,Performance.Coulombic efficiency5.Value,Performance.Coulombic efficiency5.Unit,Performance.Coulombic efficiency6.Value,Performance.Coulombic efficiency6.Unit,Performance.Coulombic efficiency7.Value,Performance.Coulombic efficiency7.Unit,Performance.Coulombic efficiency8.Value,Performance.Coulombic efficiency8.Unit,Performance.Coulombic efficiency9.Value,Performance.Coulombic efficiency9.Unit,Performance.Coulombic efficiency10.Value,Performance.Coulombic efficiency10.Unit,Properties of electrolyte.Dielectric constant (ε).Unit,Cathode1.Name,Cathode2.Name,Properties of electrolyte.Viscosity (η),Properties of electrolyte.Dielectric constant (ε).Order
10013-10.1016_S1001-0521(06)60057-0,LiPF6,"Ethylene carbonate (EC), Dimethyl carbonate (DMC), Ethyl methyl carbonate (EMC)",N/A,Li metal,LiCoO2,Conventional,N/A,eV,N/A,eV,N/A,Pa s,N/A,°C,N/A,N/A,°C,N/A,°C,N/A,°C,N/A,Wh/kg,N/A,%,N/A,cycles,N/A,C,,,,,,,,,,,,,,,,,,,,,,,,,,,,,,,,,,,,,,,,,,,,,,,,,,,,,,,,,,,,,,,,,,,,,,,,,,,,,,,,,,,,,,,,,,,,,,,,,,,,,,,,,,,,,,,,,,,,,,,,,,,,,,,,,,,,,,,,,,,,,,,,,
10187-10.1149_1.2354460,N/A,,,Li metal,N/A,Conventional,N/A,eV,N/A,eV,N/A,Pa s,N/A,°C,N/A,N/A,°C,N/A,°C,N/A,°C,N/A,Wh/kg,N/A,%,N/A,cycles,N/A,C,Ethylene carbonate (EC),Propylene carbonate (PC),Vinylene carbonate (VC),Vinylethylene carbonate (VEC),Ethylene sulfite (ES),Tetrahydrofuran (THF),Vinylene carbonate (VC),Vinylethylene carbonate (VEC),,,,,,,,,,,,,,,,,,,,,,,,,,,,,,,,,,,,,,,,,,,,,,,,,,,,,,,,,,,,,,,,,,,,,,,,,,,,,,,,,,,,,,,,,,,,,,,,,,,,,,,,,,,,,,,,,,,,,,,,,,,,,,,,,,,,,,,,,
10261-10.1149_1.2139955,LiPF6,Ethylene carbonate (EC) + Diethyl carbonate (DEC),N/A,Graphite (LixC6),N/A,Conventional,N/A,eV,N/A,eV,N/A,Pa s,N/A,°C,N/A,N/A,°C,N/A,°C,N/A,°C,N/A,Wh/kg,N/A,%,N/A,cycles,N/A,C,,,,,,,,,,,,,,,,,,,,,,,,,,,,,,,,,,,,,,,,,,,,,,,,,,,,,,,,,,,,,,,,,,,,,,,,,,,,,,,,,,,,,,,,,,,,,,,,,,,,,,,,,,,,,,,,,,,,,,,,,,,,,,,,,,,,,,,,,,,,,,,,,
10468-10.1016_j.jpowsour.2005.05.085,,N/A,N/A,N/A,N/A,N/A,N/A,eV,N/A,eV,N/A,Pa s,N/A,°C,N/A,N/A,°C,N/A,°C,N/A,°C,N/A,Wh/kg,N/A,%,N/A,cycles,N/A,C,,,,,,,,,Lithium perchlorate (LiClO4),Lithium trifluoromethanesulfonate (LiCF3SO3),Lithium bis(trifluoromethanesulfonyl)imide (LiTFSI),Lithium hexafluorophosphate (LiPF6),Lithium fluoroborate (LiBF4),Tetraethylammonium tetrafluoroborate (TEABF4),,,,,,,,,,,,,,,,,,,,,,,,,,,,,,,,,,,,,,,,,,,,,,,,,,,,,,,,,,,,,,,,,,,,,,,,,,,,,,,,,,,,,,,,,,,,,,,,,,,,,,,,,,,,,,,,,,,,,,,,,,,,,,,,,,,
10513-10.1016_j.jpowsour.2006.05.045,lithium hexafluorophosphate (LiPF6),,N/A,graphite,N/A,Conventional,N/A,eV,N/A,eV,N/A,Pa s,N/A,°C,N/A,N/A,°C,N/A,°C,N/A,°C,N/A,Wh/kg,N/A,%,N/A,cycles,N/A,C,,,,,,,,,,,,,,,ethylene carbonate (EC),dimethyl carbonate (DMC),,,,,,,,,,,,,,,,,,,,,,,,,,,,,,,,,,,,,,,,,,,,,,,,,,,,,,,,,,,,,,,,,,,,,,,,,,,,,,,,,,,,,,,,,,,,,,,,,,,,,,,,,,,,,,,,,,,,,,,,,,,,,,,,,
10550-10.1016_j.jpowsour.2006.07.045,N/A,Ethylene carbonate (EC),N/A,Carbon anode,LiCoxMnyNizO2,Conventional,N/A,eV,N/A,eV,N/A,Pa s,N/A,°C,N/A,N/A,°C,N/A,°C,N/A,°C,N/A,Wh/kg,N/A,%,3 × 10^4,cycles,"0.22, 0.24, 0.26",C,,,,,,,,,,,,,,,,,,,,,,,,,,,,,,,,,,,,,,,,,,,,,,,,,,,,,,,,,,,,,,,,,,,,,,,,,,,,,,,,,,,,,,,,,,,,,,,,,,,,,,,,,,,,,,,,,,,,,,,,,,,,,,,,,,,,,,,,,,,,,,,,,
10675-10.1016_j.jpowsour.2006.08.002,lithium perchlorate (LiClO4),propylene carbonate (PC),N/A,Li metal,WO3 thin film,Conventional,N/A,eV,N/A,eV,N/A,Pa s,N/A,°C,N/A,N/A,°C,N/A,°C,N/A,°C,N/A,Wh/kg,N/A,%,50,cycles,N/A,C,,,,,,,,,,,,,,,,,,,,,,,,,,,,,,,,,,,,,,,,,,,,,,,,,,,,,,,,,,,,,,,,,,,,,,,,,,,,,,,,,,,,,,,,,,,,,,,,,,,,,,,,,,,,,,,,,,,,,,,,,,,,,,,,,,,,,,,,,,,,,,,,,
10765-10.1149_1.2354458,LiPF6,Ethylene carbonate/diethyl carbonate (EC/DEC),N/A,Li0.81C6,N/A,Conventional,N/A,eV,N/A,eV,N/A,Pa s,N/A,°C,N/A,N/A,°C,N/A,°C,N/A,°C,N/A,Wh/kg,N/A,%,N/A,cycles,N/A,C,,,,,,,,,,,,,,,,,,,,,,,,,,,,,,,,,,,,,,,,,,,,,,,,,,,,,,,,,,,,,,,,,,,,,,,,,,,,,,,,,,,,,,,,,,,,,,,,,,,,,,,,,,,,,,,,,,,,,,,,,,,,,,,,,,,,,,,,,,,,,,,,,
10765-10.1149_1.2354458,LiBOB,Ethylene carbonate/diethyl carbonate (EC/DEC),N/A,LixSi,N/A,Conventional,N/A,eV,N/A,eV,N/A,Pa s,N/A,°C,N/A,N/A,°C,N/A,°C,N/A,°C,N/A,Wh/kg,N/A,%,N/A,cycles,N/A,C,,,,,,,,,,,,,,,,,,,,,,,,,,,,,,,,,,,,,,,,,,,,,,,,,,,,,,,,,,,,,,,,,,,,,,,,,,,,,,,,,,,,,,,,,,,,,,,,,,,,,,,,,,,,,,,,,,,,,,,,,,,,,,,,,,,,,,,,,,,,,,,,,
11286-10.1016_j.electacta.2005.09.011,LiPF6,Ethylene carbonate (EC),N/A,N/A,N/A,Conventional,N/A,eV,N/A,eV,N/A,Pa s,25,°C,N/A,N/A,°C,N/A,°C,N/A,°C,N/A,Wh/kg,N/A,%,N/A,cycles,N/A,C,,,,,,,,,,,,,,,,,,,,,,,,,,,,,,,,,,,,,,,,,,,,,,,,,,,,,,,,,,,,,,,,,,,,,,,,,,,,,,,,,,,,,,,,,,,,,,,,,,,,,,,,,,,,,,,,,,,,,,,,,,,,,,,,,,,,,,,,,,,,,,,,,
11286-10.1016_j.electacta.2005.09.011,LiClO4,Ethylene carbonate (EC),N/A,N/A,N/A,Conventional,N/A,eV,N/A,eV,N/A,Pa s,25,°C,N/A,N/A,°C,N/A,°C,N/A,°C,N/A,Wh/kg,N/A,%,N/A,cycles,N/A,C,,,,,,,,,,,,,,,,,,,,,,,,,,,,,,,,,,,,,,,,,,,,,,,,,,,,,,,,,,,,,,,,,,,,,,,,,,,,,,,,,,,,,,,,,,,,,,,,,,,,,,,,,,,,,,,,,,,,,,,,,,,,,,,,,,,,,,,,,,,,,,,,,
11286-10.1016_j.electacta.2005.09.011,LiTFSI,Propylene carbonate (PC),N/A,N/A,N/A,Conventional,N/A,eV,N/A,eV,N/A,Pa s,25,°C,N/A,N/A,°C,N/A,°C,N/A,°C,N/A,Wh/kg,N/A,%,N/A,cycles,N/A,C,,,,,,,,,,,,,,,,,,,,,,,,,,,,,,,,,,,,,,,,,,,,,,,,,,,,,,,,,,,,,,,,,,,,,,,,,,,,,,,,,,,,,,,,,,,,,,,,,,,,,,,,,,,,,,,,,,,,,,,,,,,,,,,,,,,,,,,,,,,,,,,,,
11304-10.5796_electrochemistry.74.825,ZnSO4,Aqueous solution,Glycerin and saccharin,Zn,LiMn2O4,Conventional,N/A,eV,N/A,eV,N/A,Pa s,N/A,°C,N/A,N/A,°C,N/A,°C,N/A,°C,N/A,Wh/kg,100,%,400,cycles,N/A,C,,,,,,,,,,,,,,,,,,,,,,,,,,,,,,,,,,,,,,,,,,,,,,,,,,,,,,,,,,,,,,,,,,,,,,,,,,,,,,,,,,,,,,,,,,,,,,,,,,,,,,,,,,,,,,,,,,,,,,,,,,,,,,,,,,,,,,,,,,,,,,,,,
11432-10.1016_j.electacta.2006.06.007,LiPF6,"Ethylene carbonate (EC), Diethyl carbonate (DEC)",N/A,Li metal,LiFePO4,Conventional,N/A,eV,N/A,eV,N/A,Pa s,N/A,°C,N/A,N/A,°C,N/A,°C,N/A,°C,N/A,Wh/kg,N/A,%,N/A,cycles,0.5,mV/s,,,,,,,,,,,,,,,,,,,,,,,,,,,,,,,,,,,,,,,,,,,,,,,,,,,,,,,,,,,,,,,,,,,,,,,,,,,,,,,,,,,,,,,,,,,,,,,,,,,,,,,,,,,,,,,,,,,,,,,,,,,,,,,,,,,,,,,,,,,,,,,,,
11512-10.1149_1.2161580,N/A,N/A,N/A,graphite,N/A,Conventional,N/A,eV,N/A,eV,N/A,Pa s,N/A,°C,N/A,N/A,°C,N/A,°C,N/A,°C,150,Wh/kg,N/A,%,N/A,cycles,N/A,C,,,,,,,,,,,,,,,,,,,,,,,,,,,,,,,,,,,,,,,,,,,,,,,,,,,,,,,,,,,,,,,,,,,,,,,,,,,,,,,,,,,,,,,,,,,,,,,,,,,,,,,,,,,,,,,,,,,,,,,,,,,,,,,,,,,,,,,,,,,,,,,,,
11518-10.1149_1.2136078,lithium bisperﬂuoroethylsulfonyl imide (LiBETI),Trimethyl phosphate (TMP),"vinylene carbonate (VC), vinyl ethylene carbonate (VEC), cyclohexane (CH)",graphite anode (STG),N/A,High concentration electrolytes (HCE),N/A,eV,N/A,eV,N/A,Pa s,N/A,°C,N/A,N/A,°C,N/A,°C,N/A,°C,N/A,Wh/kg,89,%,10,cycles,N/A,C,,,,,,,,,,,,,,,,,,,,,,,,,,,,,,,,,,,,,,,,,,,,,,,,,,,,,,,,,,,,,,,,,,,,,,,,,,,,,,,,,,,,,,,,,,,,,,,,,,,,,,,,,,,,,,,,,,,,,,,,,,,,,,,,,,,,,,,,,,,,,,,,,
11521-10.1002_chem.200600193,lithium hexafluorophosphate (LiPF6),ethylene carbonate (EC)/diethyl carbonate (DEC)/dimethyl carbonate (DMC),N/A,graphite,lithium cobalt oxide (LiCoO2),Conventional,N/A,eV,N/A,eV,N/A,Pa s,N/A,°C,N/A,N/A,°C,N/A,°C,N/A,°C,N/A,Wh/kg,N/A,%,N/A,cycles,N/A,C,,,,,,,,,,,,,,,,,,,,,,,,,,,,,,,,,,,,,,,,,,,,,,,,,,,,,,,,,,,,,,,,,,,,,,,,,,,,,,,,,,,,,,,,,,,,,,,,,,,,,,,,,,,,,,,,,,,,,,,,,,,,,,,,,,,,,,,,,,,,,,,,,
11623-10.1149_1.2186207,Lithium hexafluorophosphate (LiPF6),Ethylene carbonate (EC),Methacrylate compounds and azo compounds,Graphite,Lithium cobaltate (LiCoO2),Conventional,N/A,eV,N/A,eV,N/A,Pa s,N/A,°C,N/A,N/A,°C,N/A,°C,N/A,°C,N/A,Wh/kg,N/A,%,N/A,cycles,N/A,C,,,,,,,,,,,,,,,,,,,,,,,,,,,,,,,,,,,,,,,,,,,,,,,,,,,,,,,,,,,,,,,,,,,,,,,,,,,,,,,,,,,,,,,,,,,,,,,,,,,,,,,,,,,,,,,,,,,,,,,,,,,,,,,,,,,,,,,,,,,,,,,,,
11627-10.1016_j.jpowsour.2005.08.019,"LiPF6, LiClO4, LiBF4, LiCF3SO3","Ethylene carbonate (EC), Dimethyl carbonate (DMC)",N/A,Li metal,LiMn2O4,Conventional,N/A,eV,N/A,eV,N/A,Pa s,N/A,°C,N/A,N/A,°C,N/A,°C,N/A,°C,N/A,Wh/kg,N/A,%,200,cycles,N/A,C,,,,,,,,,,,,,,,,,,,,,,,,,,,,,,,,,,,,,,,,,,,,,,,,,,,,,,,,,,,,,,,,,,,,,,,,,,,,,,,,,,,,,,,,,,,,,,,,,,,,,,,,,,,,,,,,,,,,,,,,,,,,,,,,,,,,,,,,,,,,,,,,,
11958-10.1021_jp0601522,N/A,N/A,N/A,N/A,N/A,N/A,N/A,eV,N/A,eV,N/A,Pa s,N/A,°C,N/A,N/A,°C,N/A,°C,N/A,°C,N/A,Wh/kg,N/A,%,N/A,cycles,N/A,C,,,,,,,,,,,,,,,,,,,,,,,,,,,,,,,,,,,,,,,,,,,,,,,,,,,,,,,,,,,,,,,,,,,,,,,,,,,,,,,,,,,,,,,,,,,,,,,,,,,,,,,,,,,,,,,,,,,,,,,,,,,,,,,,,,,,,,,,,,,,,,,,,
12005-10.1016_j.elecom.2006.01.021,LiPF6,Propylene carbonate (PC),Vinyl tris-2-methoxyethoxy silane (ViSi23),Graphite,N/A,Conventional,N/A,eV,N/A,eV,N/A,Pa s,N/A,°C,N/A,N/A,°C,N/A,°C,N/A,°C,N/A,Wh/kg,N/A,%,N/A,cycles,N/A,C,,,,,,,,,,,,,,,,,,,,,,,,,,,,,,,,,,,,,,,,,,,,,,,,,,,,,,,,,,,,,,,,,,,,,,,,,,,,,,,,,,,,,,,,,,,,,,,,,,,,,,,,,,,,,,,,,,,,,,,,,,,,,,,,,,,,,,,,,,,,,,,,,
12104-10.1149_1.2203947,N/A,N/A,N/A,N/A,N/A,N/A,N/A,eV,N/A,eV,N/A,Pa s,N/A,°C,N/A,N/A,°C,N/A,°C,N/A,°C,N/A,Wh/kg,N/A,%,N/A,cycles,N/A,C,,,,,,,,,,,,,,,,,,,,,,,,,,,,,,,,,,,,,,,,,,,,,,,,,,,,,,,,,,,,,,,,,,,,,,,,,,,,,,,,,,,,,,,,,,,,,,,,,,,,,,,,,,,,,,,,,,,,,,,,,,,,,,,,,,,,,,,,,,,,,,,,,
12128-10.1016_j.electacta.2006.05.043,LiPF6,Ethylene carbonate (EC) + Diethyl carbonate (DEC),Trimethyl phosphite (TMP(i)),Li metal,LiCoO2,Conventional,N/A,eV,N/A,eV,N/A,Pa s,N/A,°C,N/A,N/A,°C,N/A,°C,N/A,°C,N/A,Wh/kg,N/A,%,50,cycles,0.2 mA cm−2,C,,,,,,,,,,,,,,,,,,,,,,,,,,,,,,,,,,,,,,,,,,,,,,,,,,,,,,,,,,,,,,,,,,,,,,,,,,,,,,,,,,,,,,,,,,,,,,,,,,,,,,,,,,,,,,,,,,,,,,,,,,,,,,,,,,,,,,,,,,,,,,,,,
12199-10.1016_j.jpowsour.2005.11.042,,,,Li metal,Lithium iron phosphate (LFP),Conventional,N/A,eV,N/A,eV,N/A,Pa s,N/A,°C,N/A,N/A,°C,N/A,°C,N/A,°C,N/A,Wh/kg,N/A,%,N/A,cycles,5C,C,,,,,,,,,Lithium bis(oxalato)borate (LiBOB),Lithium tetrafluoroborate (LiBF4),,,,,Propylene carbonate (PC),Ethylene carbonate (EC),Ethylmethyl carbonate (EMC),N/A,,,,,,,,,,,,,,,,,,,,,,,,,,,,,,,,,,,,,,,,,,,,,,,,,,,,,,,,,,,,,,,,,,,,,,,,,,,,,,,,,,,,,,,,,,,,,,,,,,,,,,,,,,,,,,,,,,,,,,,,,,,,,,,
12456-10.1016_j.jpowsour.2006.05.049,lithium hexafluorophosphate (LiPF6),ethylene carbonate (EC)/diethyl carbonate (DEC),fluoroethylene carbonate (FEC),silicon thin-film,N/A,Conventional,0.98,eV,N/A,eV,N/A,Pa s,N/A,°C,N/A,N/A,°C,N/A,°C,N/A,°C,N/A,Wh/kg,N/A,%,80,cycles,0.2,C,,,,,,,,,,,,,,,,,,,,,,,,,,,,,,,,,,,,,,,,,,,,,,,,,,,,,,,,,,,,,,,,,,,,,,,,,,,,,,,,,,,,,,,,,,,,,,,,,,,,,,,,,,,,,,,,,,,,,,,,,,,,,,,,,,,,,,,,,,,,,,,,,
12712-10.1021_ac051987w,LiPF6,"Ethylene carbonate (EC), Dimethyl carbonate (DMC)",N/A,graphite,"LiCoO2, LiMn2O4, LiFePO4",Conventional,N/A,eV,N/A,eV,N/A,Pa s,N/A,°C,N/A,N/A,°C,N/A,°C,N/A,°C,N/A,Wh/kg,N/A,%,N/A,cycles,N/A,C,,,,,,,,,,,,,,,,,,,,,,,,,,,,,,,,,,,,,,,,,,,,,,,,,,,,,,,,,,,,,,,,,,,,,,,,,,,,,,,,,,,,,,,,,,,,,,,,,,,,,,,,,,,,,,,,,,,,,,,,,,,,,,,,,,,,,,,,,,,,,,,,,
12725-10.1016_S1003-6326(06)60047-2,LiPF6,"Ethylene carbonate (EC), Dimethyl carbonate (DMC)",N/A,Li metal,LiMn2O4,Conventional,N/A,eV,N/A,eV,N/A,Pa s,N/A,°C,N/A,N/A,°C,N/A,°C,N/A,°C,N/A,Wh/kg,N/A,%,N/A,cycles,N/A,C,,,,,,,,,,,,,,,,,,,,,,,,,,,,,,,,,,,,,,,,,,,,,,,,,,,,,,,,,,,,,,,,,,,,,,,,,,,,,,,,,,,,,,,,,,,,,,,,,,,,,,,,,,,,,,,,,,,,,,,,,,,,,,,,,,,,,,,,,,,,,,,,,
12791-10.1016_j.elecom.2006.02.017,LiPF6,Ethylene carbonate (EC):Dimethyl carbonate (DMC),N/A,Na2Ti6O13,N/A,Conventional,N/A,eV,N/A,eV,N/A,Pa s,N/A,°C,N/A,N/A,°C,N/A,°C,N/A,°C,N/A,Wh/kg,N/A,%,N/A,cycles,N/A,C,,,,,,,,,,,,,,,,,,,,,,,,,,,,,,,,,,,,,,,,,,,,,,,,,,,,,,,,,,,,,,,,,,,,,,,,,,,,,,,,,,,,,,,,,,,,,,,,,,,,,,,,,,,,,,,,,,,,,,,,,,,,,,,,,,,,,,,,,,,,,,,,,
12855-10.1007_s10800-006-9184-1,lithium tetrachloroaluminate (LiAlCl4),sulfur dioxide (SO2),N/A,graphite (LiC6),lithium cobalt dioxide (LiCoO2),Conventional,N/A,eV,N/A,eV,N/A,Pa s,N/A,°C,17,N/A,°C,N/A,°C,N/A,°C,250,Wh/kg,N/A,%,750,cycles,N/A,C,,,,,,,,,,,,,,,,,,,,,,,,,,,,,,,,,,,,,,,,,,,,,,,,,,,,,,,,,,,,,,,,,,,,,,,,,,,,,,,,,,,,,,,,,,,,,,,,,,,,,,,,,,,,,,,,,,,,,,,,,,,,,,,,,,,,,,,,,,,,,,,,,
12877-10.1007_s11106-006-0057-2,N/A,N/A,N/A,N/A,N/A,N/A,N/A,eV,N/A,eV,N/A,Pa s,N/A,°C,N/A,N/A,°C,N/A,°C,N/A,°C,N/A,Wh/kg,N/A,%,N/A,cycles,N/A,C,,,,,,,,,,,,,,,,,,,,,,,,,,,,,,,,,,,,,,,,,,,,,,,,,,,,,,,,,,,,,,,,,,,,,,,,,,,,,,,,,,,,,,,,,,,,,,,,,,,,,,,,,,,,,,,,,,,,,,,,,,,,,,,,,,,,,,,,,,,,,,,,,
13003-10.1016_j.jpowsour.2005.07.078,lithium hexafluorophosphate (LiPF6),N/A,N/A,N/A,lithium cobalt oxide (LiCoO2),Conventional,N/A,eV,N/A,eV,N/A,Pa s,N/A,°C,N/A,N/A,°C,N/A,°C,N/A,°C,N/A,Wh/kg,N/A,%,N/A,cycles,N/A,C,,,,,,,,,,,,,,,,,,,,,,,,,,,,,,,,,,,,,,,,,,,,,,,,,,,,,,,,,,,,,,,,,,,,,,,,,,,,,,,,,,,,,,,,,,,,,,,,,,,,,,,,,,,,,,,,,,,,,,,,,,,,,,,,,,,,,,,,,,,,,,,,,
13112-10.1149_1.2168376,N/A,N/A,N/A,Li metal,LiCoAsO4,N/A,N/A,eV,N/A,eV,N/A,Pa s,N/A,°C,N/A,N/A,°C,N/A,°C,N/A,°C,N/A,Wh/kg,N/A,%,N/A,cycles,N/A,C,,,,,,,,,,,,,,,,,,,,,,,,,,,,,,,,,,,,,,,,,,,,,,,,,,,,,,,,,,,,,,,,,,,,,,,,,,,,,,,,,,,,,,,,,,,,,,,,,,,,,,,,,,,,,,,,,,,,,,,,,,,,,,,,,,,,,,,,,,,,,,,,,
13374-10.1016_j.ssi.2005.10.023,lithium perfluoroalkyltrifluoroborates (Li[CnF2n+1BF3]),propylene carbonate (PC),N/A,graphite anode,LiCoO2 cathode,Conventional,N/A,eV,N/A,eV,N/A,Pa s,N/A,°C,N/A,N/A,°C,N/A,°C,N/A,°C,N/A,Wh/kg,N/A,%,N/A,cycles,N/A,C,,,,,,,,,,,,,,,,,,,,,,,,,,,,,,,,,,,,,,,,,,,,,,,,,,,,,,,,,,,,,,,,,,,,,,,,,,,,,,,,,,,,,,,,,,,,,,,,,,,,,,,,,,,,,,,,,,,,,,,,,,,,,,,,,,,,,,,,,,,,,,,,,
13537-10.1149_1.2129180,N/A,N/A,N/A,N/A,N/A,N/A,N/A,eV,N/A,eV,N/A,Pa s,N/A,°C,N/A,N/A,°C,N/A,°C,N/A,°C,N/A,Wh/kg,N/A,%,N/A,cycles,N/A,C,,,,,,,,,,,,,,,,,,,,,,,,,,,,,,,,,,,,,,,,,,,,,,,,,,,,,,,,,,,,,,,,,,,,,,,,,,,,,,,,,,,,,,,,,,,,,,,,,,,,,,,,,,,,,,,,,,,,,,,,,,,,,,,,,,,,,,,,,,,,,,,,,
13547-10.1149_1.2359693,LiPF6,"Ethylene carbonate (EC), Dimethyl carbonate (DMC)",Ammonium perfluorocaprylate (APC),graphite anodes,N/A,Conventional,N/A,eV,N/A,eV,N/A,Pa s,N/A,°C,N/A,N/A,°C,N/A,°C,N/A,°C,N/A,Wh/kg,N/A,%,N/A,cycles,N/A,C,,,,,,,,,,,,,,,,,,,,,,,,,,,,,,,,,,,,,,,,,,,,,,,,,,,,,,,,,,,,,,,,,,,,,,,,,,,,,,,,,,,,,,,,,,,,,,,,,,,,,,,,,,,,,,,,,,,,,,,,,,,,,,,,,,,,,,,,,,,,,,,,,
13610-10.1016_j.jpowsour.2006.03.007,LiClO4,propylene carbonate (PC),,Li metal,N/A,Conventional,N/A,eV,N/A,eV,N/A,Pa s,N/A,°C,N/A,N/A,°C,N/A,°C,N/A,°C,N/A,Wh/kg,,%,N/A,cycles,N/A,C,,,,,,,tert-Butylbenzene,"N,N-Dimethylaniline",,,,,,,,,,,Anisole,1-(3-Fluoro-4-methoxyphenyl)adamantane,Phenyltrimethylsilane,Thioanisole,Thiophene,"trimethyl-3,5-xylylsilane",0.899,0.730,0.626,0.924,0.894,1.00,0.769,,,,,,,,,,,,,,,,,,,,,,,,,,,,,,,,,,,,,,,,,,,,,,,,,,,,,,,,,,,,,,,,,,,,,,,,,,,,,,,,,,,,,,,,,,,,,,,,,,,,,,,,,,,,,,,,,,
13716-10.1149_1.2236379,N/A,N/A,N/A,N/A,N/A,N/A,N/A,eV,N/A,eV,N/A,Pa s,N/A,°C,N/A,N/A,°C,N/A,°C,N/A,°C,N/A,Wh/kg,N/A,%,N/A,cycles,N/A,C,,,,,,,,,,,,,,,,,,,,,,,,,,,,,,,,,,,,,,,,,,,,,,,,,,,,,,,,,,,,,,,,,,,,,,,,,,,,,,,,,,,,,,,,,,,,,,,,,,,,,,,,,,,,,,,,,,,,,,,,,,,,,,,,,,,,,,,,,,,,,,,,,
13816-10.1016_j.elecom.2006.04.018,LiPF6,Ethylene carbonate–Diethyl carbonate (EC–DEC),N/A,Li metal,LiCoPO4,Conventional,N/A,eV,N/A,eV,N/A,Pa s,N/A,°C,N/A,N/A,°C,N/A,°C,N/A,°C,N/A,Wh/kg,86,%,35,cycles,0.1,C,,,,,,,,,,,,,,,,,,,,,,,,,,,,,,,,,,,,,,,,,,,,,,,,,,,,,,,,,,,,,,,,,,,,,,,,,,,,,,,,,,,,,,,,,,,,,,,,,,,,,,,,,,,,,,,,,,,,,,,,,,,,,,,,,,,,,,,,,,,,,,,,,
14014-10.1016_j.electacta.2005.09.014,LiPF6,Ethylene carbonate (EC) + Diethyl carbonate (DEC),"1,2,3-benzotriazole (BTA)",MCF carbon,LiMn2O4 spinel,Conventional,N/A,eV,N/A,eV,N/A,Pa s,N/A,°C,N/A,N/A,°C,N/A,°C,N/A,°C,N/A,Wh/kg,N/A,%,N/A,cycles,0.2,C,,,,,,,,,,,,,,,,,,,,,,,,,,,,,,,,,,,,,,,,,,,,,,,,,,,,,,,,,,,,,,,,,,,,,,,,,,,,,,,,,,,,,,,,,,,,,,,,,,,,,,,,,,,,,,,,,,,,,,,,,,,,,,,,,,,,,,,,,,,,,,,,,
14561-10.1016_S1872-1508(06)60009-0,lithium hexafluorophosphate (LiPF6),,butyl sultone (BS),graphite,lithium cobalt oxide (LiCoO2),Conventional,-0.38,eV,N/A,eV,N/A,Pa s,N/A,°C,N/A,,,N/A,°C,N/A,°C,N/A,Wh/kg,N/A,%,100,cycles,1,C,,,,,,,,,,,,,,,ethylene carbonate (EC),propylene carbonate (PC),ethyl(methyl) carbonate (EMC),,,,,,,,,,,,,,,36.0,°C,ethylene carbonate (EC),-49.2,°C,propylene carbonate (PC),,,,,,,,,,,,,,,,,,,,,,,,,,,,,,,,,,,,,,,,,,,,,,,,,,,,,,,,,,,,,,,,,,,,,,,,,,,,,,,,,,,,,,,,,,,,,,,,,,,,,,,,,,,,
14589-10.1016_j.jpowsour.2005.03.184,N/A,N/A,N/A,Zn foil,MnO2,Conventional,N/A,eV,N/A,eV,N/A,Pa s,N/A,°C,N/A,N/A,°C,N/A,°C,N/A,°C,N/A,Wh/kg,81,%,N/A,cycles,N/A,C,,,,,,,,,,,,,,,,,,,,,,,,,,,,,,,,,,,,,,,,,,,,,,,,,,,,,,,,,,,,,,,,,,,,,,,,,,,,,,,,,,,,,,,,,,,,,,,,,,,,,,,,,,,,,,,,,,,,,,,,,,,,,,,,,,,,,,,,,,,,,,,,,
14611-10.1149_1.2161453,LiClO4,Ethylene carbonate (EC)-Diethyl carbonate (DEC) (1:1 by volume),N/A,Graphite,Li foil (counter and quasi-reference electrode),Conventional,N/A,eV,N/A,eV,N/A,Pa s,N/A,°C,N/A,N/A,°C,N/A,°C,N/A,°C,N/A,Wh/kg,84,%,N/A,cycles,C/2,C,,,,,,,,,,,,,,,,,,,,,,,,,,,,,,,,,,,,,,,,,,,,,,,,,,,,,,,,,,,,,,,,,,,,,,,,,,,,,,,,,,,,,,,,,,,,,,,,,,,,,,,,,,,,,,,,,,,,,,,,,,,,,,,,,,,,,,,,,,,,,,,,,
14611-10.1149_1.2161453,LiClO4,Ethylene carbonate (EC)-Diethyl carbonate (DEC) (1:1 by volume),NaCl (0.5 wt %),Graphite,Li foil (counter and quasi-reference electrode),Conventional,N/A,eV,N/A,eV,N/A,Pa s,N/A,°C,N/A,N/A,°C,N/A,°C,N/A,°C,N/A,Wh/kg,86,%,N/A,cycles,C/2,C,,,,,,,,,,,,,,,,,,,,,,,,,,,,,,,,,,,,,,,,,,,,,,,,,,,,,,,,,,,,,,,,,,,,,,,,,,,,,,,,,,,,,,,,,,,,,,,,,,,,,,,,,,,,,,,,,,,,,,,,,,,,,,,,,,,,,,,,,,,,,,,,,
14685-10.1016_j.jpowsour.2005.10.020,LiClO4 or LiBF4,Propylene carbonate (PC) or mixed electrolyte PC–ethylene carbonate (EC) (1:1 volumic ratio),N/A,Li metal,Graphite fluorides (CFx),Conventional,N/A,eV,N/A,eV,N/A,Pa s,N/A,°C,N/A,N/A,°C,N/A,°C,N/A,°C,2149,Wh/kg,N/A,%,N/A,cycles,N/A,C,,,,,,,,,,,,,,,,,,,,,,,,,,,,,,,,,,,,,,,,,,,,,,,,,,,,,,,,,,,,,,,,,,,,,,,,,,,,,,,,,,,,,,,,,,,,,,,,,,,,,,,,,,,,,,,,,,,,,,,,,,,,,,,,,,,,,,,,,,,,,,,,,
14725-10.1016_j.electacta.2006.06.028,tetraethylammonium tetrafluoroborate (TEABF4),propylene carbonate (PC),N/A,Li metal,N/A,Conventional,N/A,eV,N/A,eV,N/A,Pa s,N/A,°C,N/A,N/A,°C,N/A,°C,N/A,°C,N/A,Wh/kg,N/A,%,N/A,cycles,N/A,C,,,,,,,,,,,,,,,,,,,,,,,,,,,,,,,,,,,,,,,,,,,,,,,,,,,,,,,,,,,,,,,,,,,,,,,,,,,,,,,,,,,,,,,,,,,,,,,,,,,,,,,,,,,,,,,,,,,,,,,,,,,,,,,,,,,,,,,,,,,,,,,,,
14848-10.1016_j.jpowsour.2006.07.061,N/A,N/A,N/A,N/A,N/A,Conventional,N/A,eV,N/A,eV,N/A,Pa s,N/A,°C,N/A,N/A,°C,N/A,°C,N/A,°C,N/A,Wh/kg,N/A,%,N/A,cycles,N/A,C,,,,,,,,,,,,,,,,,,,,,,,,,,,,,,,,,,,,,,,,,,,,,,,,,,,,,,,,,,,,,,,,,,,,,,,,,,,,,,,,,,,,,,,,,,,,,,,,,,,,,,,,,,,,,,,,,,,,,,,,,,,,,,,,,,,,,,,,,,,,,,,,,
15154-10.1134_S1023193506030074,LiClO4,propylene carbonate (PC) and dimethoxyethane (DME),N/A,graphite,N/A,Conventional,N/A,eV,N/A,eV,N/A,Pa s,N/A,°C,N/A,N/A,°C,N/A,°C,N/A,°C,N/A,Wh/kg,N/A,%,N/A,cycles,N/A,C,,,,,,,,,,,,,,,,,,,,,,,,,,,,,,,,,,,,,,,,,,,,,,,,,,,,,,,,,,,,,,,,,,,,,,,,,,,,,,,,,,,,,,,,,,,,,,,,,,,,,,,,,,,,,,,,,,,,,,,,,,,,,,,,,,,,,,,,,,,,,,,,,
15204-10.1016_j.jpowsour.2005.04.014,lithium perchlorate (LiClO4),propylene carbonate (PC),N/A,Li metal,copper oxide (CuO),Conventional,N/A,eV,N/A,eV,N/A,Pa s,N/A,°C,N/A,N/A,°C,N/A,°C,N/A,°C,N/A,Wh/kg,N/A,%,N/A,cycles,N/A,C,,,,,,,,,,,,,,,,,,,,,,,,,,,,,,,,,,,,,,,,,,,,,,,,,,,,,,,,,,,,,,,,,,,,,,,,,,,,,,,,,,,,,,,,,,,,,,,,,,,,,,,,,,,,,,,,,,,,,,,,,,,,,,,,,,,,,,,,,,,,,,,,,
15417-10.1016_j.jpowsour.2005.06.032,"lithium hexafluorophosphate (LiPF6), lithium tetrafluoroborate (LiBF4)","3-methyl-2-oxazolidinone (MeOx), ethylene carbonate (EC), dimethyl carbonate (DMC)",N/A,graphite,LiFePO4 (LFP),Conventional,N/A,eV,N/A,eV,"1.9, 0.585, 2.45",cP,"25, 25, 25",°C,"89, 3.12, 77.5","35-37, 4, 15",°C,"238, 90, 87-90",°C,N/A,°C,N/A,Wh/kg,N/A,%,N/A,cycles,N/A,C,,,,,,,,,,,,,,,,,,,,,,,,,,,,,,,,,,,,,,,,,,,,,,,,,,,,,,,,,,,,,,,,,,,,,,,,,,,,,,,,,,,,,,,,,,,,,,,,,,,,,,,,,,,,,,,,,,,,,,,,,,,,,,,,,,,,,,,,,,,,,,,,,
15574-10.1007_s10800-006-9175-2,lithium bis(oxalato)borate (LiBOB),,hydrogen bis(oxalato)borate (HBOB),graphite,lithium manganese oxide spinel,Conventional,N/A,eV,N/A,eV,N/A,Pa s,N/A,°C,N/A,N/A,°C,N/A,°C,N/A,°C,N/A,Wh/kg,N/A,%,N/A,cycles,N/A,C,,,,,,,,,,,,,,,ethylene carbonate (EC),propylene carbonate (PC),dimethyl carbonate (DMC),,,,,,,,,,,,,,,,,,,,,acetonitrile (AN),ethyl acetate (EA),,,,,,,,,,,,,,,,,,,,,,,,,,,,,,,,,,,,,,,,,,,,,,,,,,,,,,,,,,,,,,,,,,,,,,,,,,,,,,,,,,,,,,,,,,,,,,,,,,,,,,,,,,
15712-10.1021_jp061624f,lithium bis(trifluoromethanesulfonyl)imide (LiTFSI),"ethylene carbonate (EC), diethyl carbonate (DEC), dimethyl carbonate (DMC)",N/A,graphite,LiCoO2,Conventional,N/A,eV,N/A,eV,N/A,Pa s,N/A,°C,N/A,N/A,°C,N/A,°C,N/A,°C,N/A,Wh/kg,N/A,%,N/A,cycles,C/20,C,,,,,,,,,,,,,,,,,,,,,,,,,,,,,,,,,,,,,,,,,,,,,,,,,,,,,,,,,,,,,,,,,,,,,,,,,,,,,,,,,,,,,,,,,,,,,,,,,,,,,,,,,,,,,,,,,,,,,,,,,,,,,,,,,,,,,,,,,,,,,,,,,
15831-10.1016_j.jlp.2006.02.002,lithium hexafluorophosphate (LiPF6),,,,,Conventional,,,,,N/A,Pa s,N/A,°C,,37,°C,126,°C,N/A,°C,,,,,,,,,,,,,,,,,,,,,,,propylene carbonate (PC),ethylmethyl carbonate (EMC),ethylene carbonate (EC),N/A,,,,,,,,,,,,,,,,,,,,diethyl carbonate (DEC),dimethyl carbonate (DMC),N/A,N/A,N/A,N/A,N/A,N/A,N/A,N/A,N/A,,,,,,,,,,,,,,,,,,,,,,,,,,,,,,,,,,,,,,,,,,,,,,,,,,,,,,,,,,,,,,,,,,,,,,,,,,,,,,,,,,,,,,,,,,,,,,,,,
15831-10.1016_j.jlp.2006.02.002,lithium hexafluorophosphate (LiPF6),,,,,Conventional,,,,,N/A,Pa s,N/A,°C,,,,126,°C,,,,,,,,,,,,,,,,,,,,,,,,,propylene carbonate (PC),diethyl carbonate (DEC),,N/A,,,,,,,,,,,,,,,,,,,,,,N/A,N/A,N/A,N/A,N/A,N/A,N/A,N/A,N/A,N/A,N/A,,,,,,,,,,,,,,,,,,,,,,,,,,,,,,,,,,,,,,,,,,,,,,,,,,,,,,,,,,,,,,,,,,,,,,,,,,,,,,,,,,,,,,,,,,,,,,,
15831-10.1016_j.jlp.2006.02.002,lithium hexafluorophosphate (LiPF6),,,,,Conventional,,,,,N/A,Pa s,N/A,°C,,37,°C,,,,,,,,,,,,,,,,,,,,,,,,,,,ethylene carbonate (EC),dimethyl carbonate (DMC),,N/A,,,,,,,,,,,,,,,,,,,,,,N/A,N/A,N/A,N/A,N/A,N/A,N/A,N/A,N/A,,N/A,N/A,,,,,,,,,,,,,,,,,,,,,,,,,,,,,,,,,,,,,,,,,,,,,,,,,,,,,,,,,,,,,,,,,,,,,,,,,,,,,,,,,,,,,,,,,,,,,,
15874-10.1016_j.jpowsour.2006.07.054,lithium hexafluorophosphate (LiPF6),ethylene carbonate (EC),dimethyl acetamide (DMAc),mesocarbon microbeads (MCMB),N/A,Conventional,N/A,eV,N/A,eV,N/A,Pa s,N/A,°C,N/A,N/A,°C,N/A,°C,N/A,°C,N/A,Wh/kg,N/A,%,N/A,cycles,N/A,C,,,,,,,,,,,,,,,,,,,,,,,,,,,,,,,,,,,,,,,,,,,,,,,,,,,,,,,,,,,,,,,,,,,,,,,,,,,,,,,,,,,,,,,,,,,,,,,,,,,,,,,,,,,,,,,,,,,,,,,,,,,,,,,,,,,,,,,,,,,,,,,,,
15876-10.1016_j.jpowsour.2006.03.053,LiPF6,Ethylene carbonate (EC)/Methylethyl carbonate (MEC),Poly-ether modified siloxanes,Graphite anode,LiCoO2,Conventional,N/A,eV,N/A,eV,5 × 10−4,m2 s−1,20,°C,N/A,N/A,°C,N/A,°C,N/A,°C,N/A,Wh/kg,N/A,%,N/A,cycles,N/A,C,,,,,,,,,,,,,,,,,,,,,,,,,,,,,,,,,,,,,,,,,,,,,,,,,,,,Diethylene glycol methyl-(3-dimethyl(trimethylsiloxy)silyl propyl)ether (sample A),Diethylene glycol methyl-(3-dinethyl(trimethylsiloxy)silyl propyl)-2-methylpropyl ether (sample B),Diethylene glycol methyl-(3-bis(trimethylsiloxy)silyl propyl)ether (sample C),Diethylene glycol-(3-methyl-bis(trimethylsiloxy)silyl-2-methylpropyl)ether (sample D),,,,,,,,,,,,,,,,,,,,,,,,,,,,,,,,,,,,,,,,,,,,,,,,,,,,,,,,,,,,,,,,,,,,,,,,,,,,,,,,,,,,,,,,,,
15916-10.1016_j.jpowsour.2005.09.021,Lithium perchlorate (LiClO4),Propylene carbonate (PC),2-cyanofuran (2CF),Graphite,Lithium cobalt oxide (LiCoO2),Conventional,N/A,eV,N/A,eV,N/A,Pa s,N/A,°C,N/A,N/A,°C,N/A,°C,N/A,°C,N/A,Wh/kg,N/A,%,N/A,cycles,N/A,C,,,,,,,,,,,,,,,,,,,,,,,,,,,,,,,,,,,,,,,,,,,,,,,,,,,,,,,,,,,,,,,,,,,,,,,,,,,,,,,,,,,,,,,,,,,,,,,,,,,,,,,,,,,,,,,,,,,,,,,,,,,,,,,,,,,,,,,,,,,,,,,,,
15974-10.1149_1.2131827,,,N/A,Li metal,N/A,Conventional,N/A,eV,N/A,eV,,,,,N/A,N/A,°C,N/A,°C,N/A,°C,N/A,Wh/kg,N/A,%,N/A,cycles,N/A,C,,,,,,,,,Lithium bromide (LiBr),Lithium triflate (LiTriflate),Lithium imide (LiImide),Lithium bis(trifluoromethanesulfonyl)imide (LiBETI),,,"1,3-dioxolane (DOL)","1,2-dimethoxyethane (DME)",,,,,,,,,,,,,,,,,,,,,,,,,,,,,,,,,,,,,,,,0.866,cP,21.0,°C,1.036,cP,21.0,°C,1.255,cP,21.0,°C,1.908,cP,21.0,°C,,,,,,,,,,,,,,,,,,,,,,,,,,,,,,,,,,,,,,,,,,,,,,,,,,,,,,,,,,,,,,,,,,,,,,,,,,
2087-10.1016_j.electacta.2005.09.027,lithium hexafluorophosphate (LiPF6),ethylene carbonate/propylene carbonate/dimethyl carbonate (EC/PC/DMC) (1:1:3),lithium bis(oxalate)borate (LiBOB),mesocarbon microbeads (MCMB),LiMn1/3Ni1/3Co1/3O2 (L333),Conventional,N/A,eV,N/A,eV,N/A,Pa s,N/A,°C,N/A,N/A,°C,N/A,°C,N/A,°C,N/A,Wh/kg,N/A,%,300,cycles,C/2,C,,,,,,,,,,,,,,,,,,,,,,,,,,,,,,,,,,,,,,,,,,,,,,,,,,,,,,,,,,,,,,,,,,,,,,,,,,,,,,,,,,,,,,,,,,,,,,,,,,,,,,,,,,,,,,,,,,,,,,,,,,,,,,,,,,,,,,,,,,,,,,,,,
2087-10.1016_j.electacta.2005.09.027,lithium bis(oxalate)borate (LiBOB),ethylene carbonate/propylene carbonate/dimethyl carbonate (EC/PC/DMC) (1:1:3),N/A,mesocarbon microbeads (MCMB),LiMn1/3Ni1/3Co1/3O2 (L333),Conventional,N/A,eV,N/A,eV,N/A,Pa s,N/A,°C,N/A,N/A,°C,N/A,°C,N/A,°C,N/A,Wh/kg,N/A,%,N/A,cycles,N/A,C,,,,,,,,,,,,,,,,,,,,,,,,,,,,,,,,,,,,,,,,,,,,,,,,,,,,,,,,,,,,,,,,,,,,,,,,,,,,,,,,,,,,,,,,,,,,,,,,,,,,,,,,,,,,,,,,,,,,,,,,,,,,,,,,,,,,,,,,,,,,,,,,,
2087-10.1016_j.electacta.2005.09.027,lithium hexafluorophosphate/lithium bis(oxalate)borate (LiPF6/LiBOB),ethylene carbonate/propylene carbonate/dimethyl carbonate (EC/PC/DMC) (1:1:3),N/A,mesocarbon microbeads (MCMB),LiMn1/3Ni1/3Co1/3O2 (L333),Conventional,N/A,eV,N/A,eV,N/A,Pa s,N/A,°C,N/A,N/A,°C,N/A,°C,N/A,°C,N/A,Wh/kg,N/A,%,N/A,cycles,N/A,C,,,,,,,,,,,,,,,,,,,,,,,,,,,,,,,,,,,,,,,,,,,,,,,,,,,,,,,,,,,,,,,,,,,,,,,,,,,,,,,,,,,,,,,,,,,,,,,,,,,,,,,,,,,,,,,,,,,,,,,,,,,,,,,,,,,,,,,,,,,,,,,,,
2252-10.1134_S1023193506050107,N/A,N/A,N/A,Li metal,N/A,N/A,N/A,eV,N/A,eV,N/A,Pa s,N/A,°C,N/A,N/A,°C,N/A,°C,N/A,°C,N/A,Wh/kg,N/A,%,200–300,cycles,N/A,C,,,,,,,,,,,,,,,,,,,,,,,,,,,,,,,,,,,,,,,,,,,,,,,,,,,,,,,,,,,,,,,,,,,,,,,,,,,,,,,,,,,,,,,,,,,,,,,,,,,,,,,,,,,,,,,,,,,,,,,,,,,,,,,,,,,,,,,,,,,,,,,,,
2304-10.1007_s10800-005-9112-9,Lithium perchlorate (LiClO4),N/A,N/A,Li metal,Titanium dioxide (TiO2),Conventional,N/A,eV,N/A,eV,N/A,Pa s,N/A,°C,N/A,N/A,°C,N/A,°C,N/A,°C,N/A,Wh/kg,N/A,%,N/A,cycles,N/A,C,,,,,,,,,,,,,,,,,,,,,,,,,,,,,,,,,,,,,,,,,,,,,,,,,,,,,,,,,,,,,,,,,,,,,,,,,,,,,,,,,,,,,,,,,,,,,,,,,,,,,,,,,,,,,,,,,,,,,,,,,,,,,,,,,,,,,,,,,,,,,,,,,
2330-10.1149_1.2192730,N/A,N/A,N/A,Li metal,N/A,N/A,N/A,eV,N/A,eV,N/A,Pa s,N/A,°C,N/A,N/A,°C,N/A,°C,N/A,°C,N/A,Wh/kg,N/A,%,N/A,cycles,N/A,C,,,,,,,,,,,,,,,,,,,,,,,,,,,,,,,,,,,,,,,,,,,,,,,,,,,,,,,,,,,,,,,,,,,,,,,,,,,,,,,,,,,,,,,,,,,,,,,,,,,,,,,,,,,,,,,,,,,,,,,,,,,,,,,,,,,,,,,,,,,,,,,,,
2586-10.1016_j.jpowsour.2005.10.033,LiPF6,,,Graphite,LiCoO2,Conventional,N/A,eV,N/A,eV,,,,,,,,,,,,N/A,Wh/kg,,,100,cycles,N/A,C,,,,,,,,,,,,,,,Ethylene carbonate (EC),Dimethyl carbonate (DMC),Diethyl carbonate (DEC),,,,,,,,,,,,,,,4.6,°C,,-141.0,°C,,Dimethyl sulfite (DMS),Diethyl sulfite (DES),,,,,,,,,,,,,,,,,0.5902,cP,25.0,°C,0.8732,cP,25.0,°C,0.748,cP,25.0,°C,0.889,cP,25.0,°C,Propylene carbonate (PC),Ethylene sulfite (ES),Propylene sulfite (PS),1.86,cP,40.0,°C,2.53,cP,25.0,°C,3.18,22.5,2.82,15.6,89.6,64.4,-43.0,°C,39.0,°C,-49.2,°C,N/A,°C,90.0,°C,126.0,°C,126.8,°C,248.0,°C,241.7,°C,N/A,°C,18.0,°C,30.0,°C,31.0,°C,160.0,°C,135.0,°C,N/A,°C,88.4,%,96.9,%,97.9,%,98.1,%,98.5,%,77.0,%,92.9,%,100.0,%,99.5,%,99.8,%,,,,,
2610-10.1134_S1070427206120093,LiClO4,Propylene carbonate (PC),SO2,Graphite,N/A,Conventional,N/A,eV,N/A,eV,N/A,Pa s,N/A,°C,N/A,N/A,°C,N/A,°C,N/A,°C,N/A,Wh/kg,100,%,100,cycles,N/A,C,,,,,,,,,,,,,,,,,,,,,,,,,,,,,,,,,,,,,,,,,,,,,,,,,,,,,,,,,,,,,,,,,,,,,,,,,,,,,,,,,,,,,,,,,,,,,,,,,,,,,,,,,,,,,,,,,,,,,,,,,,,,,,,,,,,,,,,,,,,,,,,,,
2632-10.1016_j.electacta.2006.01.038,Lithium hexafluorophosphate (LiPF6),"Propylene carbonate (PC), Triethyl orthoformate (TEOF)",N/A,Graphite,N/A,Conventional,N/A,eV,N/A,eV,N/A,Pa s,N/A,°C,N/A,N/A,°C,N/A,°C,N/A,°C,N/A,Wh/kg,N/A,%,40,cycles,N/A,C,,,,,,,,,,,,,,,,,,,,,,,,,,,,,,,,,,,,,,,,,,,,,,,,,,,,,,,,,,,,,,,,,,,,,,,,,,,,,,,,,,,,,,,,,,,,,,,,,,,,,,,,,,,,,,,,,,,,,,,,,,,,,,,,,,,,,,,,,,,,,,,,,
3200-10.1149_1.2210668,N/A,N/A,N/A,Li4/3Ti5/3O4,LiNi0.8Co0.15Al0.05O2,N/A,N/A,eV,N/A,eV,N/A,Pa s,N/A,°C,N/A,N/A,°C,N/A,°C,N/A,°C,N/A,Wh/kg,N/A,%,N/A,cycles,N/A,C,,,,,,,,,,,,,,,,,,,,,,,,,,,,,,,,,,,,,,,,,,,,,,,,,,,,,,,,,,,,,,,,,,,,,,,,,,,,,,,,,,,,,,,,,,,,,,,,,,,,,,,,,,,,,,,,,,,,,,,,,,,,,,,,,,,,,,,,,,,,,,,,,
3268-10.1134_S1023193506010113,lithium perchlorate (LiClO4),propylene carbonate (PC) and dimethoxyethane (DME),N/A,Li metal,N/A,Conventional,N/A,eV,N/A,eV,N/A,Pa s,N/A,°C,N/A,N/A,°C,N/A,°C,N/A,°C,N/A,Wh/kg,N/A,%,40,cycles,N/A,C,,,,,,,,,,,,,,,,,,,,,,,,,,,,,,,,,,,,,,,,,,,,,,,,,,,,,,,,,,,,,,,,,,,,,,,,,,,,,,,,,,,,,,,,,,,,,,,,,,,,,,,,,,,,,,,,,,,,,,,,,,,,,,,,,,,,,,,,,,,,,,,,,
3594-10.1021_cm052203y,N/A,N/A,N/A,Li4Ti5O12,N/A,N/A,N/A,eV,N/A,eV,N/A,Pa s,N/A,°C,N/A,N/A,°C,N/A,°C,N/A,°C,N/A,Wh/kg,N/A,%,N/A,cycles,N/A,C,,,,,,,,,,,,,,,,,,,,,,,,,,,,,,,,,,,,,,,,,,,,,,,,,,,,,,,,,,,,,,,,,,,,,,,,,,,,,,,,,,,,,,,,,,,,,,,,,,,,,,,,,,,,,,,,,,,,,,,,,,,,,,,,,,,,,,,,,,,,,,,,,
3694-10.1016_j.ssi.2005.10.022,lithium hexafluorophosphate (LiPF6),,N/A,Li metal,N/A,Conventional,1.0,kJ mol⁻¹,-835.8,kJ mol⁻¹,N/A,Pa s,N/A,°C,higher than DMC,N/A,°C,N/A,°C,N/A,°C,N/A,Wh/kg,70,%,N/A,cycles,N/A,C,,,,,,,,,,,,,,,ethylene carbonate (EC),monofluorinated dimethyl carbonate (MFDMC),,,,,,,,,,,,,,,,,,,,,,,,,,,,,,,,,,,,,,,,,,,,,,,,,,,,,,,,,,,,,,,,,,,,,,,,,,,,,,,,,,,,,,,,,,,,,,,,,,,,,,,,,,,,,,,,,,,,,,,,,,,,,N/A,,,,
3750-10.1007_BF02705940,LiPF6,,,Silicon-coated graphite,Lithium cobalt oxide,Conventional,N/A,eV,N/A,eV,N/A,Pa s,N/A,°C,N/A,N/A,°C,N/A,°C,N/A,°C,N/A,Wh/kg,N/A,%,500,cycles,1,C,,,,,,,,,,,,,,,Ethylene carbonate (EC),Diethyl carbonate (DEC),Ethyl methyl carbonate (EMC),N/A,,,,,,,,,,,,,,,,,,,,Dimethyl carbonate (DMC),,,,,,,,,,,,,,,,,,,,,,,,,,,,,,,,,,,,,,,,,,,,,,,,,,,,,,,,,,,,,,,,,,,,,,,,,,,,,,,,,,,,,,,,,,,,,,,,,,,,,,,,,,,
4110-10.2320_matertrans.47.2759,LiPF6,,N/A,Li metal,LiMn2O4 (LMO),Conventional,N/A,eV,N/A,eV,N/A,Pa s,N/A,°C,N/A,N/A,°C,N/A,°C,N/A,°C,N/A,Wh/kg,N/A,%,N/A,cycles,N/A,C,,,,,,,,,,,,,,,Ethylene carbonate (EC),Diethyl carbonate (DEC),,,,,,,,,,,,,,,,,,,,,,,,,,,,,,,,,,,,,,,,,,,,,,,,,,,,,,,,,,,,,,,,,,,,,,,,,,,,,,,,,,,,,,,,,,,,,,,,,,,,,,,,,,,,,,,,,,,,,,,,,,,,,,,,,
4440-10.1149_1.2234852,LiPF6,Ethylene carbonate (EC) + Dimethyl carbonate (DMC),N/A,Li metal,LiMn2O4/Ag composite,Conventional,N/A,eV,N/A,eV,N/A,Pa s,N/A,°C,N/A,N/A,°C,N/A,°C,N/A,°C,N/A,Wh/kg,N/A,%,50,cycles,10,C,,,,,,,,,,,,,,,,,,,,,,,,,,,,,,,,,,,,,,,,,,,,,,,,,,,,,,,,,,,,,,,,,,,,,,,,,,,,,,,,,,,,,,,,,,,,,,,,,,,,,,,,,,,,,,,,,,,,,,,,,,,,,,,,,,,,,,,,,,,,,,,,,
4477-10.1149_1.2351954,LiPF6,,Vinylene carbonate (VC),MCMB,Lithium iron phosphate (LFP),Conventional,N/A,eV,N/A,eV,N/A,Pa s,N/A,°C,N/A,N/A,°C,N/A,°C,N/A,°C,N/A,Wh/kg,N/A,%,980,cycles,3,C,,,,,,,,,,,,,,,Ethylene carbonate (EC),Methyl ethyl carbonate (MEC),,,,,,,,,,,,,,,,,,,,,,,,,,,,,,,,,,,,,,,,,,,,,,,,,,,,,,,,,,,,,,,,,,,,,,,,,,,,,,,,,,,,,,,,,,,,,,,,,,,,,,,,,,,,,,,,,,,,,,,,,,,,,,,,,
4546-10.1016_j.ssi.2005.09.053,N/A,N/A,N/A,N/A,N/A,N/A,N/A,eV,N/A,eV,N/A,Pa s,N/A,°C,N/A,N/A,°C,N/A,°C,N/A,°C,N/A,Wh/kg,N/A,%,N/A,cycles,N/A,C,,,,,,,,,,,,,,,,,,,,,,,,,,,,,,,,,,,,,,,,,,,,,,,,,,,,,,,,,,,,,,,,,,,,,,,,,,,,,,,,,,,,,,,,,,,,,,,,,,,,,,,,,,,,,,,,,,,,,,,,,,,,,,,,,,,,,,,,,,,,,,,,,
4588-10.1149_1.2133711,LiPF6,"Ethylene carbonate (EC), Diethyl carbonate (DEC), Propylene carbonate (PC)",N/A,Ag52Sn48 thin-film,N/A,Conventional,N/A,eV,N/A,eV,N/A,Pa s,N/A,°C,N/A,N/A,°C,N/A,°C,N/A,°C,N/A,Wh/kg,"99% (EC/DEC), 97.5% (PC/DEC)",%,300 cycles (EC/DEC),cycles,N/A,C,,,,,,,,,,,,,,,,,,,,,,,,,,,,,,,,,,,,,,,,,,,,,,,,,,,,,,,,,,,,,,,,,,,,,,,,,,,,,,,,,,,,,,,,,,,,,,,,,,,,,,,,,,,,,,,,,,,,,,,,,,,,,,,,,,,,,,,,,,,,,,,,,
4702-10.1246_cl.2006.338,LiClO4,"Ethylene carbonate (EC), Diethyl carbonate (DEC)",N/A,Li metal,LiFePO4 (LFP),Conventional,N/A,eV,N/A,eV,N/A,Pa s,N/A,°C,N/A,N/A,°C,N/A,°C,N/A,°C,N/A,Wh/kg,N/A,%,N/A,cycles,N/A,C,,,,,,,,,,,,,,,,,,,,,,,,,,,,,,,,,,,,,,,,,,,,,,,,,,,,,,,,,,,,,,,,,,,,,,,,,,,,,,,,,,,,,,,,,,,,,,,,,,,,,,,,,,,,,,,,,,,,,,,,,,,,,,,,,,,,,,,,,,,,,,,,,
4816-10.1149_1.2210588,LiPF6,,Hexamethylphosphoramide (HMPA),N/A,,Conventional,N/A,eV,N/A,eV,N/A,Pa s,N/A,°C,N/A,N/A,°C,N/A,°C,N/A,°C,N/A,Wh/kg,N/A,%,N/A,cycles,N/A,C,,,,,,,,,,,,,,,Ethylene carbonate (EC),Dimethyl carbonate (DMC),Diethyl carbonate (DEC),,,,,,,,,,,,,,,,,,,,,,,,,,,,,,,,,,,,,,,,,,,,,,,,,,,,,,,,,,,,,,,,,,,,,,,,,,,,,,,,,,,,,,,,,,,,,,,,,,,,,,,,,,,,,,,,,,,,,,,,,,,,,LiCoO2,LiNi0.8Co0.2O2,,
4952-10.1016_j.electacta.2005.12.046,lithium bistrifluoromethanesulphonimidate (LiTFSI),poly(ethylene glycol) dimethyl ether 500 (PEGDME 500),N/A,Li metal,Elemental sulfur (S8),Conventional,N/A,eV,N/A,eV,N/A,Pa s,N/A,°C,N/A,N/A,°C,N/A,°C,N/A,°C,1672,mAh g−1,N/A,%,N/A,cycles,N/A,C,,,,,,,,,,,,,,,,,,,,,,,,,,,,,,,,,,,,,,,,,,,,,,,,,,,,,,,,,,,,,,,,,,,,,,,,,,,,,,,,,,,,,,,,,,,,,,,,,,,,,,,,,,,,,,,,,,,,,,,,,,,,,,,,,,,,,,,,,,,,,,,,,
5286-10.1016_j.jpowsour.2006.03.058,lithium hexafluorophosphate (LiPF6),,N/A,N/A,N/A,Conventional,N/A,eV,N/A,eV,N/A,Pa s,N/A,°C,N/A,N/A,°C,N/A,°C,N/A,°C,N/A,Wh/kg,N/A,%,N/A,cycles,N/A,C,,,,,,,,,,,,,,,ethylene carbonate (EC),dimethyl carbonate (DMC),ethyl methyl carbonate (EMC),,,,,,,,,,,,,,,,,,,,,,,,,,,,,,,,,,,,,,,,,,,,,,,,,,,,,,,,,,,,,,,,,,,,,,,,,,,,,,,,,,,,,,,,,,,,,,,,,,,,,,,,,,,,,,,,,,,,,,,,,,,,,,,,
5333-10.1007_s11434-006-1055-y,lithium hexafluorophosphate (LiPF6),"ethylene carbonate (EC), dimethyl carbonate (DMC), diethyl carbonate (DEC)",N/A,graphite,N/A,Conventional,N/A,eV,N/A,eV,N/A,Pa s,N/A,°C,N/A,N/A,°C,N/A,°C,N/A,°C,N/A,Wh/kg,N/A,%,N/A,cycles,N/A,C,,,,,,,,,,,,,,,,,,,,,,,,,,,,,,,,,,,,,,,,,,,,,,,,,,,,,,,,,,,,,,,,,,,,,,,,,,,,,,,,,,,,,,,,,,,,,,,,,,,,,,,,,,,,,,,,,,,,,,,,,,,,,,,,,,,,,,,,,,,,,,,,,
5355-10.1016_j.electacta.2005.11.004,Lithium bis(oxalato)borate (LiBOB),"Ethylene carbonate (EC)/Propylene carbonate (PC)/Dimethyl carbonate (DMC) (1:1:3, w/w/w)",N/A,Soft carbon,Lithium manganese oxide spinel (LiMn2O4),Conventional,N/A,eV,N/A,eV,N/A,Pa s,N/A,°C,N/A,N/A,°C,N/A,°C,N/A,°C,N/A,Wh/kg,N/A,%,50 cycles (with significant capacity loss),cycles,C/2 (~0.6 mA),C,,,,,,,,,,,,,,,,,,,,,,,,,,,,,,,,,,,,,,,,,,,,,,,,,,,,,,,,,,,,,,,,,,,,,,,,,,,,,,,,,,,,,,,,,,,,,,,,,,,,,,,,,,,,,,,,,,,,,,,,,,,,,,,,,,,,,,,,,,,,,,,,,
5463-10.1021_cm060175t,N/A,N/A,N/A,N/A,N/A,N/A,N/A,eV,N/A,eV,N/A,Pa s,N/A,°C,N/A,N/A,°C,N/A,°C,N/A,°C,N/A,Wh/kg,N/A,%,N/A,cycles,N/A,C,,,,,,,,,,,,,,,,,,,,,,,,,,,,,,,,,,,,,,,,,,,,,,,,,,,,,,,,,,,,,,,,,,,,,,,,,,,,,,,,,,,,,,,,,,,,,,,,,,,,,,,,,,,,,,,,,,,,,,,,,,,,,,,,,,,,,,,,,,,,,,,,,
5484-10.1016_j.elecom.2006.05.014,N/A,"Ethylene carbonate (EC), Dimethyl carbonate (DMC)",N/A,Si/ZrO2 nanocomposite,N/A,Conventional,N/A,eV,N/A,eV,N/A,Pa s,N/A,°C,N/A,N/A,°C,N/A,°C,N/A,°C,N/A,Wh/kg,84.5,%,N/A,cycles,N/A,C,,,,,,,,,,,,,,,,,,,,,,,,,,,,,,,,,,,,,,,,,,,,,,,,,,,,,,,,,,,,,,,,,,,,,,,,,,,,,,,,,,,,,,,,,,,,,,,,,,,,,,,,,,,,,,,,,,,,,,,,,,,,,,,,,,,,,,,,,,,,,,,,,
5727-10.1016_j.ssi.2005.10.034,LiPF6,Ethylene carbonate (EC) + Dimethyl carbonate (DMC),N/A,Li metal,LiV3O8 + C + PVDF (85:10:5),Conventional,N/A,eV,N/A,eV,N/A,Pa s,N/A,°C,N/A,N/A,°C,N/A,°C,N/A,°C,N/A,Wh/kg,N/A,%,N/A,cycles,N/A,C,,,,,,,,,,,,,,,,,,,,,,,,,,,,,,,,,,,,,,,,,,,,,,,,,,,,,,,,,,,,,,,,,,,,,,,,,,,,,,,,,,,,,,,,,,,,,,,,,,,,,,,,,,,,,,,,,,,,,,,,,,,,,,,,,,,,,,,,,,,,,,,,,
5744-10.1016_j.jpowsour.2005.10.081,LiClO4,Propylene carbonate (PC),N/A,Silicon (Si),N/A,Conventional,N/A,eV,N/A,eV,N/A,Pa s,N/A,°C,N/A,N/A,°C,N/A,°C,N/A,°C,N/A,Wh/kg,N/A,%,200,cycles,0.2 to 30,C,,,,,,,,,,,,,,,,,,,,,,,,,,,,,,,,,,,,,,,,,,,,,,,,,,,,,,,,,,,,,,,,,,,,,,,,,,,,,,,,,,,,,,,,,,,,,,,,,,,,,,,,,,,,,,,,,,,,,,,,,,,,,,,,,,,,,,,,,,,,,,,,,
5958-10.1016_j.jelechem.2005.12.009,lithium perchlorate (LiClO4),acetonitrile,N/A,graphite,N/A,Conventional,N/A,eV,N/A,eV,N/A,Pa s,N/A,°C,N/A,N/A,°C,N/A,°C,N/A,°C,N/A,Wh/kg,N/A,%,N/A,cycles,N/A,C,,,,,,,,,,,,,,,,,,,,,,,,,,,,,,,,,,,,,,,,,,,,,,,,,,,,,,,,,,,,,,,,,,,,,,,,,,,,,,,,,,,,,,,,,,,,,,,,,,,,,,,,,,,,,,,,,,,,,,,,,,,,,,,,,,,,,,,,,,,,,,,,,
6025-10.1149_1.2161447,lithium perchlorate (LiClO4),"ethylene carbonate (EC), diethyl carbonate (DEC)",potassium carbonate (K2CO3),natural graphite,N/A,Conventional,N/A,eV,N/A,eV,N/A,Pa s,N/A,°C,N/A,N/A,°C,N/A,°C,N/A,°C,N/A,Wh/kg,88.5,%,N/A,cycles,N/A,C,,,,,,,,,,,,,,,,,,,,,,,,,,,,,,,,,,,,,,,,,,,,,,,,,,,,,,,,,,,,,,,,,,,,,,,,,,,,,,,,,,,,,,,,,,,,,,,,,,,,,,,,,,,,,,,,,,,,,,,,,,,,,,,,,,,,,,,,,,,,,,,,,
6148-10.1007_s10953-006-9377-6,Lithium hexafluorophosphate (LiPF6),,,,,Conventional,,,,,,,,,,,,,,,,,,,,,,,,,,,,,,,,,,,,,,Ethylene carbonate (EC),Propylene carbonate (PC),Dimethyl carbonate (DMC),N/A,,,,,,,,,,,,,,,,,,,,Diethyl carbonate (DEC),,N/A,N/A,N/A,N/A,N/A,N/A,N/A,N/A,N/A,N/A,N/A,N/A,,,,,,,,,,,,,,,,,,,,,,,,,,,,,,,,,,,,,,,,,,,,,,,,,,,,,,,,,,,,,,,,,,,,,,,,,,,,,,,,,,,,,,,,,,,,,N/A,
6200-10.1016_j.jpowsour.2005.12.091,Lithium iodide (LiI),N/A,N/A,Lithium-silicon alloy (Li-Si),Iron disulfide (FeS2),Conventional,N/A,eV,N/A,eV,N/A,Pa s,N/A,°C,N/A,341,°C,N/A,°C,N/A,°C,N/A,Wh/kg,N/A,%,N/A,cycles,N/A,C,,,,,,,,,,,,,,,,,,,,,,,,,,,,,,,,,,,,,,,,,,,,,,,,,,,,,,,,,,,,,,,,,,,,,,,,,,,,,,,,,,,,,,,,,,,,,,,,,,,,,,,,,,,,,,,,,,,,,,,,,,,,,,,,,,,,,,,,,,,,,,,,,
6200-10.1016_j.jpowsour.2005.12.091,Potassium iodide (KI),N/A,N/A,Lithium-silicon alloy (Li-Si),Iron disulfide (FeS2),Conventional,N/A,eV,N/A,eV,N/A,Pa s,N/A,°C,N/A,285,°C,N/A,°C,N/A,°C,N/A,Wh/kg,N/A,%,N/A,cycles,N/A,C,,,,,,,,,,,,,,,,,,,,,,,,,,,,,,,,,,,,,,,,,,,,,,,,,,,,,,,,,,,,,,,,,,,,,,,,,,,,,,,,,,,,,,,,,,,,,,,,,,,,,,,,,,,,,,,,,,,,,,,,,,,,,,,,,,,,,,,,,,,,,,,,,
6237-10.1149_1.2162467,LiPF6,Ethylene carbonate (EC) + Diethyl carbonate (DEC) + Dimethyl carbonate (DMC),N/A,Graphite,Spinel Li1.1(Ni0.025Ti0.025Mg0.02)Mn1.83O4,Conventional,N/A,eV,N/A,eV,N/A,Pa s,N/A,°C,N/A,N/A,°C,N/A,°C,N/A,°C,N/A,Wh/kg,N/A,%,N/A,cycles,0.2–1,C,,,,,,,,,,,,,,,,,,,,,,,,,,,,,,,,,,,,,,,,,,,,,,,,,,,,,,,,,,,,,,,,,,,,,,,,,,,,,,,,,,,,,,,,,,,,,,,,,,,,,,,,,,,,,,,,,,,,,,,,,,,,,,,,,,,,,,,,,,,,,,,,,
6288-10.1149_1.2200138,LiPF6,,,Li metal,LiCoO2,Conventional,,,,,,,,,,,,,,,,,,,,,,,,,,,,,,,,,,,,,,Ethylene carbonate (EC),Dimethyl carbonate (DMC),,N/A,,,,,,,,,,,,,,,,,,,,,,,,N/A,N/A,N/A,N/A,N/A,N/A,N/A,N/A,N/A,N/A,,,,,,,,,,,,,,,,,,,,,,,,,,,,,,,,,,,,,,,,,,,,,,,,,,,,,,,,,,,,,,,,,,,,,,,,,,,,,,,,,,,,,,,,,,,,,N/A,
6332-10.1016_j.electacta.2006.03.023,lithium hexafluorophosphate (LiPF6),"ethylene carbonate (EC), dimethyl carbonate (DMC)",N/A,LiB compound,N/A,Conventional,N/A,eV,N/A,eV,N/A,Pa s,N/A,°C,N/A,N/A,°C,N/A,°C,N/A,°C,N/A,Wh/kg,98.3,%,N/A,cycles,N/A,C,,,,,,,,,,,,,,,,,,,,,,,,,,,,,,,,,,,,,,,,,,,,,,,,,,,,,,,,,,,,,,,,,,,,,,,,,,,,,,,,,,,,,,,,,,,,,,,,,,,,,,,,,,,,,,,,,,,,,,,,,,,,,,,,,,,,,,,,,,,,,,,,,
6494-10.1007_s11581-006-0046-y,N/A,"Ethylene carbonate (EC), Propylene carbonate (PC)",N/A,Sn/carbon/binder composite,N/A,Conventional,N/A,eV,N/A,eV,N/A,Pa s,N/A,°C,N/A,N/A,°C,N/A,°C,N/A,°C,N/A,Wh/kg,N/A,%,N/A,cycles,N/A,C,,,,,,,,,,,,,,,,,,,,,,,,,,,,,,,,,,,,,,,,,,,,,,,,,,,,,,,,,,,,,,,,,,,,,,,,,,,,,,,,,,,,,,,,,,,,,,,,,,,,,,,,,,,,,,,,,,,,,,,,,,,,,,,,,,,,,,,,,,,,,,,,,
6622-10.1016_j.jpowsour.2005.07.050,lithium perchlorate (LiClO4),ethylene carbonate (EC) + diethyl carbonate (DEC),N/A,Li metal,LiMn2O4,Conventional,N/A,eV,N/A,eV,N/A,Pa s,N/A,°C,N/A,N/A,°C,N/A,°C,N/A,°C,N/A,Wh/kg,N/A,%,200,cycles,N/A,C,,,,,,,,,,,,,,,,,,,,,,,,,,,,,,,,,,,,,,,,,,,,,,,,,,,,,,,,,,,,,,,,,,,,,,,,,,,,,,,,,,,,,,,,,,,,,,,,,,,,,,,,,,,,,,,,,,,,,,,,,,,,,,,,,,,,,,,,,,,,,,,,,
6702-10.1149_1.2170551,lithium hexafluorophosphate (LiPF6),ethylene carbonate (EC) + ethyl-methyl carbonate (EMC),N/A,graphite,LiNi0.8Co0.15Al0.05O2,Conventional,N/A,eV,N/A,eV,N/A,Pa s,N/A,°C,N/A,N/A,°C,N/A,°C,N/A,°C,N/A,Wh/kg,N/A,%,N/A,cycles,C/2,C,,,,,,,,,,,,,,,,,,,,,,,,,,,,,,,,,,,,,,,,,,,,,,,,,,,,,,,,,,,,,,,,,,,,,,,,,,,,,,,,,,,,,,,,,,,,,,,,,,,,,,,,,,,,,,,,,,,,,,,,,,,,,,,,,,,,,,,,,,,,,,,,,
6738-10.1007_s10008-005-0651-0,Lithium trifluoromethanesulfonate (LiCF3SO3),N/A,N/A,Li metal,N/A,Conventional,N/A,eV,N/A,eV,N/A,Pa s,N/A,°C,N/A,N/A,°C,N/A,°C,N/A,°C,N/A,Wh/kg,N/A,%,N/A,cycles,N/A,C,,,,,,,,,,,,,,,,,,,,,,,,,,,,,,,,,,,,,,,,,,,,,,,,,,,,,,,,,,,,,,,,,,,,,,,,,,,,,,,,,,,,,,,,,,,,,,,,,,,,,,,,,,,,,,,,,,,,,,,,,,,,,,,,,,,,,,,,,,,,,,,,,
6791-10.1016_j.jpowsour.2006.09.046,LiPF6,"Propylene carbonate (PC), Ethylene carbonate (EC), Ethyl methyl carbonate (EMC)","4-fluorophenyl isocyanate (FPIC), Phenyl isocyanate (PIC)",Graphite,Lithium nickel-based mixed oxide,Conventional,N/A,eV,N/A,eV,N/A,Pa s,N/A,°C,N/A,N/A,°C,N/A,°C,N/A,°C,N/A,Wh/kg,80.5,%,80,cycles,0.5 mA cm−2,C,,,,,,,,,,,,,,,,,,,,,,,,,,,,,,,,,,,,,,,,,,,,,,,,,,,,,,,,,,,,,,,,,,,,,,,,,,,,,,,,,,,,,,,,,,,,,,,,,,,,,,,,,,,,,,,,,,,,,,,,,,,,,,,,,,,,,,,,,,,,,,,,,
6792-10.1007_s11581-006-0019-1,lithium hexafluorophosphate (LiPF6),"ethylene carbonate (EC), dimethyl carbonate (DMC), ethyl methyl carbonate (EMC)",N/A,mesophase pitch-based carbon fiber (MPCF),LiCr0.1Mn1.9O4,Conventional,N/A,eV,N/A,eV,N/A,Pa s,N/A,°C,N/A,N/A,°C,N/A,°C,N/A,°C,N/A,Wh/kg,99.3,%,100,cycles,0.5,C,,,,,,,,,,,,,,,,,,,,,,,,,,,,,,,,,,,,,,,,,,,,,,,,,,,,,,,,,,,,,,,,,,,,,,,,,,,,,,,,,,,,,,,,,,,,,,,,,,,,,,,,,,,,,,,,,,,,,,,,,,,,,,,,,,,,,,,,,,,,,,,,,
6890-10.1149_1.2218816,lithium hexafluorophosphate (LiPF6),,N/A,N/A,N/A,Conventional,N/A,eV,N/A,eV,N/A,Pa s,N/A,°C,N/A,N/A,°C,N/A,°C,N/A,°C,N/A,Wh/kg,N/A,%,N/A,cycles,N/A,C,,,,,,,,,,,,,,,ethylene carbonate (EC),ethylmethyl carbonate (EMC),propylene carbonate (PC),,,,,,,,,,,,,,,,,,,,,dimethyl carbonate (DMC),,,,,,,,,,,,,,,,,,,,,,,,,,,,,,,,,,,,,,,,,,,,,,,,,,,,,,,,,,,,,,,,,,,,,,,,,,,,,,,,,,,,,,,,,,,,,,,,,,,,,,,,,,,
7144-10.3866_PKU.WHXB20060221,N/A,N/A,N/A,N/A,spinel LiMn2O4,N/A,N/A,eV,N/A,eV,N/A,Pa s,N/A,°C,N/A,N/A,°C,N/A,°C,N/A,°C,N/A,Wh/kg,N/A,%,N/A,cycles,N/A,C,,,,,,,,,,,,,,,,,,,,,,,,,,,,,,,,,,,,,,,,,,,,,,,,,,,,,,,,,,,,,,,,,,,,,,,,,,,,,,,,,,,,,,,,,,,,,,,,,,,,,,,,,,,,,,,,,,,,,,,,,,,,,,,,,,,,,,,,,,,,,,,,,
7193-10.1134_S0036024406120119,Lithium hexafluoroarsenate (LiAsF6),Propylene carbonate (PC),N/A,N/A,N/A,Conventional,N/A,eV,N/A,eV,N/A,Pa s,N/A,°C,N/A,N/A,°C,N/A,°C,N/A,°C,N/A,Wh/kg,N/A,%,N/A,cycles,N/A,C,,,,,,,,,,,,,,,,,,,,,,,,,,,,,,,,,,,,,,,,,,,,,,,,,,,,,,,,,,,,,,,,,,,,,,,,,,,,,,,,,,,,,,,,,,,,,,,,,,,,,,,,,,,,,,,,,,,,,,,,,,,,,,,,,,,,,,,,,,,,,,,,,
7279-10.1016_j.solidstatesciences.2006.01.013,N/A,N/A,N/A,Li metal,CoS0.89,N/A,N/A,eV,N/A,eV,N/A,Pa s,N/A,°C,N/A,N/A,°C,N/A,°C,N/A,°C,1100,Wh/kg,N/A,%,N/A,cycles,N/A,C,,,,,,,,,,,,,,,,,,,,,,,,,,,,,,,,,,,,,,,,,,,,,,,,,,,,,,,,,,,,,,,,,,,,,,,,,,,,,,,,,,,,,,,,,,,,,,,,,,,,,,,,,,,,,,,,,,,,,,,,,,,,,,,,,,,,,,,,,,,,,,,,,
7279-10.1016_j.solidstatesciences.2006.01.013,N/A,N/A,N/A,Li metal,NiS,N/A,N/A,eV,N/A,eV,N/A,Pa s,N/A,°C,N/A,N/A,°C,N/A,°C,N/A,°C,N/A,Wh/kg,N/A,%,N/A,cycles,N/A,C,,,,,,,,,,,,,,,,,,,,,,,,,,,,,,,,,,,,,,,,,,,,,,,,,,,,,,,,,,,,,,,,,,,,,,,,,,,,,,,,,,,,,,,,,,,,,,,,,,,,,,,,,,,,,,,,,,,,,,,,,,,,,,,,,,,,,,,,,,,,,,,,,
7279-10.1016_j.solidstatesciences.2006.01.013,N/A,N/A,N/A,Li metal,CuS,N/A,N/A,eV,N/A,eV,N/A,Pa s,N/A,°C,N/A,N/A,°C,N/A,°C,N/A,°C,N/A,Wh/kg,N/A,%,N/A,cycles,N/A,C,,,,,,,,,,,,,,,,,,,,,,,,,,,,,,,,,,,,,,,,,,,,,,,,,,,,,,,,,,,,,,,,,,,,,,,,,,,,,,,,,,,,,,,,,,,,,,,,,,,,,,,,,,,,,,,,,,,,,,,,,,,,,,,,,,,,,,,,,,,,,,,,,
7455-10.1016_j.talanta.2005.10.004,lithium bis(oxalato)borate (LiBOB),N-methylformamide (NMF),N/A,N/A,N/A,N/A,N/A,eV,N/A,eV,N/A,Pa s,N/A,°C,192,N/A,°C,N/A,°C,N/A,°C,N/A,Wh/kg,N/A,%,N/A,cycles,N/A,C,,,,,,,,,,,,,,,,,,,,,,,,,,,,,,,,,,,,,,,,,,,,,,,,,,,,,,,,,,,,,,,,,,,,,,,,,,,,,,,,,,,,,,,,,,,,,,,,,,,,,,,,,,,,,,,,,,,,,,,,,,,,,,,,,,,,,,,,,,,,,,,,,
7641-10.1016_j.jpowsour.2005.10.074,Lithium hexafluorophosphate (LiPF6),"Ethylene carbonate (EC), Dimethyl carbonate (DMC)",N/A,Li metal,LiCrxNi0.5−xMn0.5O2,Conventional,N/A,eV,N/A,eV,N/A,Pa s,N/A,°C,N/A,N/A,°C,N/A,°C,N/A,°C,N/A,Wh/kg,98,%,15,cycles,0.1,C,,,,,,,,,,,,,,,,,,,,,,,,,,,,,,,,,,,,,,,,,,,,,,,,,,,,,,,,,,,,,,,,,,,,,,,,,,,,,,,,,,,,,,,,,,,,,,,,,,,,,,,,,,,,,,,,,,,,,,,,,,,,,,,,,,,,,,,,,,,,,,,,,
7685-10.1016_j.electacta.2006.01.057,N/A,N/A,N/A,Fe,Fe3O4,Conventional,N/A,eV,N/A,eV,N/A,Pa s,N/A,°C,N/A,N/A,°C,N/A,°C,N/A,°C,N/A,Wh/kg,N/A,%,N/A,cycles,N/A,C,,,,,,,,,,,,,,,,,,,,,,,,,,,,,,,,,,,,,,,,,,,,,,,,,,,,,,,,,,,,,,,,,,,,,,,,,,,,,,,,,,,,,,,,,,,,,,,,,,,,,,,,,,,,,,,,,,,,,,,,,,,,,,,,,,,,,,,,,,,,,,,,,
8151-10.1016_j.jpowsour.2006.02.021,Lithium hexafluorophosphate (LiPF6),Ethylene carbonate (EC) and Dimethyl carbonate (DMC),N/A,Li metal,LiMn1.5Ni0.5O4,Conventional,N/A,eV,N/A,eV,N/A,Pa s,N/A,°C,N/A,N/A,°C,N/A,°C,N/A,°C,N/A,Wh/kg,93,%,50,cycles,N/A,C,,,,,,,,,,,,,,,,,,,,,,,,,,,,,,,,,,,,,,,,,,,,,,,,,,,,,,,,,,,,,,,,,,,,,,,,,,,,,,,,,,,,,,,,,,,,,,,,,,,,,,,,,,,,,,,,,,,,,,,,,,,,,,,,,,,,,,,,,,,,,,,,,
8188-10.1016_j.jpowsour.2005.05.084,lithium hexafluorophosphate (LiPF6),,,carbon anodes,,Conventional,,,,,,,,,N/A,,,,,,,,,,,,,,,,,,,,,,,,,,,,,ethylene carbonate (EC),diethyl carbonate (DEC),dimethyl carbonate (DMC),N/A,,,,,,,,,,,,,,,,,,,,propylene carbonate (PC),,,N/A,N/A,N/A,,N/A,N/A,N/A,N/A,N/A,N/A,N/A,,,,,,,,,,,,,,,,,,,,,,,,,,,,,,,,,,,,,,,,,,,,,,,,,,,,,,,,,,,,,,,,,,,,,,,,,,,,,,,,,,,,,,,,,,,,,N/A,EC + DMC > EC + DEC > PC + DMC > PC + DEC
8586-10.1016_j.elecom.2006.07.030,lithium hexafluorophosphate (LiPF6),propylene carbonate (PC),ethyl tris-2-methoxyethoxy silane (EtSi23),graphite anodes,N/A,Conventional,N/A,eV,N/A,eV,N/A,Pa s,N/A,°C,N/A,N/A,°C,N/A,°C,N/A,°C,N/A,Wh/kg,N/A,%,N/A,cycles,N/A,C,,,,,,,,,,,,,,,,,,,,,,,,,,,,,,,,,,,,,,,,,,,,,,,,,,,,,,,,,,,,,,,,,,,,,,,,,,,,,,,,,,,,,,,,,,,,,,,,,,,,,,,,,,,,,,,,,,,,,,,,,,,,,,,,,,,,,,,,,,,,,,,,,
8769-10.1039_b605578h,lithium bis(trifluoromethanesulfonyl)imide (LiTFSI),,N/A,Li metal,Li2FeSiO4,Conventional,N/A,eV,N/A,eV,N/A,Pa s,N/A,°C,N/A,N/A,°C,N/A,°C,N/A,°C,N/A,Wh/kg,N/A,%,120,cycles,C/20,C,,,,,,,,,,,,,,,ethylene carbonate (EC),propylene carbonate (PC),,,,,,,,,,,,,,,,,,,,,,,,,,,,,,,,,,,,,,,,,,,,,,,,,,,,,,,,,,,,,,,,,,,,,,,,,,,,,,,,,,,,,,,,,,,,,,,,,,,,,,,,,,,,,,,,,,,,,,,,,,,,,,,,,
8804-10.1016_j.fluid.2006.04.001,LiClO4 (Lithium perchlorate),Propylene carbonate (PC),N/A,N/A,N/A,Conventional,N/A,eV,N/A,eV,N/A,Pa s,N/A,°C,66.1,N/A,°C,N/A,°C,N/A,°C,N/A,Wh/kg,N/A,%,N/A,cycles,N/A,C,,,,,,,,,,,,,,,,,,,,,,,,,,,,,,,,,,,,,,,,,,,,,,,,,,,,,,,,,,,,,,,,,,,,,,,,,,,,,,,,,,,,,,,,,,,,,,,,,,,,,,,,,,,,,,,,,,,,,,,,,,,,,,,,,,,,,,,,,,,,,,,,,
8804-10.1016_j.fluid.2006.04.001,LiBr (Lithium bromide),Propylene carbonate (PC),N/A,N/A,N/A,Conventional,N/A,eV,N/A,eV,N/A,Pa s,N/A,°C,66.1,N/A,°C,N/A,°C,N/A,°C,N/A,Wh/kg,N/A,%,N/A,cycles,N/A,C,,,,,,,,,,,,,,,,,,,,,,,,,,,,,,,,,,,,,,,,,,,,,,,,,,,,,,,,,,,,,,,,,,,,,,,,,,,,,,,,,,,,,,,,,,,,,,,,,,,,,,,,,,,,,,,,,,,,,,,,,,,,,,,,,,,,,,,,,,,,,,,,,
8804-10.1016_j.fluid.2006.04.001,LiClO4 (Lithium perchlorate),"1,2-dimethoxyethane (DME)",N/A,N/A,N/A,Conventional,N/A,eV,N/A,eV,N/A,Pa s,N/A,°C,7.58,N/A,°C,N/A,°C,N/A,°C,N/A,Wh/kg,N/A,%,N/A,cycles,N/A,C,,,,,,,,,,,,,,,,,,,,,,,,,,,,,,,,,,,,,,,,,,,,,,,,,,,,,,,,,,,,,,,,,,,,,,,,,,,,,,,,,,,,,,,,,,,,,,,,,,,,,,,,,,,,,,,,,,,,,,,,,,,,,,,,,,,,,,,,,,,,,,,,,
8804-10.1016_j.fluid.2006.04.001,LiBr (Lithium bromide),"1,2-dimethoxyethane (DME)",N/A,N/A,N/A,Conventional,N/A,eV,N/A,eV,N/A,Pa s,N/A,°C,7.58,N/A,°C,N/A,°C,N/A,°C,N/A,Wh/kg,N/A,%,N/A,cycles,N/A,C,,,,,,,,,,,,,,,,,,,,,,,,,,,,,,,,,,,,,,,,,,,,,,,,,,,,,,,,,,,,,,,,,,,,,,,,,,,,,,,,,,,,,,,,,,,,,,,,,,,,,,,,,,,,,,,,,,,,,,,,,,,,,,,,,,,,,,,,,,,,,,,,,
8998-10.1016_j.jpowsour.2006.04.088,LiPF6,Ethylene carbonate (EC):Ethyl methyl carbonate (EMC),N/A,Mag-10 graphite,LiNi0.8Co0.15Al0.05O2,Conventional,N/A,eV,N/A,eV,N/A,Pa s,N/A,°C,N/A,N/A,°C,N/A,°C,N/A,°C,N/A,Wh/kg,N/A,%,N/A,cycles,N/A,C,,,,,,,,,,,,,,,,,,,,,,,,,,,,,,,,,,,,,,,,,,,,,,,,,,,,,,,,,,,,,,,,,,,,,,,,,,,,,,,,,,,,,,,,,,,,,,,,,,,,,,,,,,,,,,,,,,,,,,,,,,,,,,,,,,,,,,,,,,,,,,,,,
9283-10.1016_j.jnoncrysol.2006.04.009,N/A,N/A,N/A,N/A,N/A,N/A,N/A,eV,N/A,eV,N/A,Pa s,N/A,°C,N/A,N/A,°C,N/A,°C,N/A,°C,N/A,Wh/kg,N/A,%,N/A,cycles,N/A,C,,,,,,,,,,,,,,,,,,,,,,,,,,,,,,,,,,,,,,,,,,,,,,,,,,,,,,,,,,,,,,,,,,,,,,,,,,,,,,,,,,,,,,,,,,,,,,,,,,,,,,,,,,,,,,,,,,,,,,,,,,,,,,,,,,,,,,,,,,,,,,,,,
9444-10.1016_j.elecom.2006.06.016,lithium oxalyldifluoroborate (LiODFB),"propylene carbonate (PC), ethylene carbonate (EC), ethyl methyl carbonate (EMC)",N/A,graphite anode,LiNi1-x-yMxNyO2 (NCM) cathode,Conventional,N/A,eV,N/A,eV,N/A,Pa s,N/A,°C,N/A,N/A,°C,N/A,°C,N/A,°C,N/A,Wh/kg,86,%,200,cycles,0.45,C,,,,,,,,,,,,,,,,,,,,,,,,,,,,,,,,,,,,,,,,,,,,,,,,,,,,,,,,,,,,,,,,,,,,,,,,,,,,,,,,,,,,,,,,,,,,,,,,,,,,,,,,,,,,,,,,,,,,,,,,,,,,,,,,,,,,,,,,,,,,,,,,,
9675-10.1016_j.jpowsour.2005.04.023,LiBF4–LiBOB,PC/EC/EMC,N/A,graphite,LiNiO2,Conventional,N/A,eV,N/A,eV,N/A,Pa s,N/A,°C,N/A,N/A,°C,N/A,°C,N/A,°C,N/A,Wh/kg,90,%,180,cycles,N/A,C,,,,,,,,,,,,,,,,,,,,,,,,,,,,,,,,,,,,,,,,,,,,,,,,,,,,,,,,,,,,,,,,,,,,,,,,,,,,,,,,,,,,,,,,,,,,,,,,,,,,,,,,,,,,,,,,,,,,,,,,,,,,,,,,,,,,,,,,,,,,,,,,,
9757-10.1016_j.ssi.2006.07.014,LiPF6,"Ethylene carbonate (EC), Methyl propyl carbonate (MPC)",N/A,Li metal,LiMn2O4,Conventional,N/A,eV,N/A,eV,N/A,Pa s,N/A,°C,N/A,-43,°C,N/A,°C,N/A,°C,N/A,Wh/kg,N/A,%,40,cycles,N/A,C,,,,,,,,,,,,,,,,,,,,,,,,,,,,,,,,,,,,,,,,,,,,,,,,,,,,,,,,,,,,,,,,,,,,,,,,,,,,,,,,,,,,,,,,,,,,,,,,,,,,,,,,,,,,,,,,,,,,,,,,,,,,,,,,,,,,,,,,,,,,,,,,,
9939-10.1149_1.2168288,LiPF6,"Ethylene carbonate (EC), Dimethyl carbonate (DMC)",N/A,Graphite,Na3V2(PO4)2F3,Conventional,N/A,eV,N/A,eV,N/A,Pa s,N/A,°C,N/A,N/A,°C,N/A,°C,N/A,°C,N/A,Wh/kg,N/A,%,N/A,cycles,C/2 and 2C,C,,,,,,,,,,,,,,,,,,,,,,,,,,,,,,,,,,,,,,,,,,,,,,,,,,,,,,,,,,,,,,,,,,,,,,,,,,,,,,,,,,,,,,,,,,,,,,,,,,,,,,,,,,,,,,,,,,,,,,,,,,,,,,,,,,,,,,,,,,,,,,,,,
